fuel_log_id,date,vehicle_id,station,liters,price_per_l,total_cost,odometer_km
FL00001,2026-04-09,V01,Northgate Fuel,9.4,1.755,16.46,15338
FL00002,2026-04-18,V01,Riverside Pump,8.8,1.763,15.49,15672
FL00003,2026-04-29,V01,Northgate Fuel,9.0,1.783,16.07,16028
FL00004,2026-05-08,V01,Central Depot Tank,9.2,1.782,16.33,16378
FL00005,2026-05-19,V01,Highway 9 Services,9.4,1.803,16.88,16763
FL00006,2026-05-29,V01,Northgate Fuel,9.3,1.78,16.55,17132
FL00007,2026-06-06,V01,Riverside Pump,8.4,1.757,14.78,17469
FL00008,2026-06-15,V01,Northgate Fuel,9.0,1.757,15.76,17798
FL00009,2026-06-24,V01,Highway 9 Services,9.3,1.726,16.02,18148
FL00010,2026-07-03,V01,Northgate Fuel,8.8,1.709,15.1,18486
FL00011,2026-07-11,V01,Riverside Pump,8.8,1.7,15.05,18839
FL00012,2026-07-22,V01,Central Depot Tank,9.4,1.677,15.78,19186
FL00013,2026-07-31,V01,Northgate Fuel,9.7,1.673,16.19,19552
FL00014,2026-08-08,V01,Central Depot Tank,8.9,1.641,14.57,19889
FL00015,2026-08-19,V01,Highway 9 Services,8.5,1.656,14.09,20215
FL00016,2026-08-27,V01,Highway 9 Services,8.7,1.675,14.55,20557
FL00017,2026-09-04,V01,Riverside Pump,8.8,1.669,14.71,20893
FL00018,2026-09-14,V01,Highway 9 Services,9.6,1.703,16.28,21270
FL00019,2026-09-23,V01,Northgate Fuel,9.4,1.712,16.15,21634
FL00020,2026-04-09,V02,Central Depot Tank,9.8,1.748,17.06,22359
FL00021,2026-04-21,V02,Central Depot Tank,9.1,1.76,15.96,22661
FL00022,2026-04-30,V02,Riverside Pump,9.5,1.785,16.95,22961
FL00023,2026-05-08,V02,Northgate Fuel,9.3,1.776,16.49,23257
FL00024,2026-05-21,V02,Central Depot Tank,9.6,1.78,17.07,23581
FL00025,2026-06-01,V02,Central Depot Tank,9.3,1.777,16.62,23900
FL00026,2026-06-09,V02,Central Depot Tank,9.2,1.753,16.05,24198
FL00027,2026-06-19,V02,Central Depot Tank,9.4,1.747,16.44,24495
FL00028,2026-06-29,V02,Northgate Fuel,8.4,1.731,14.6,24764
FL00029,2026-07-08,V02,Central Depot Tank,8.6,1.705,14.71,25039
FL00030,2026-07-16,V02,Riverside Pump,9.5,1.681,15.91,25348
FL00031,2026-07-27,V02,Central Depot Tank,9.4,1.663,15.69,25652
FL00032,2026-08-04,V02,Northgate Fuel,8.5,1.657,14.02,25921
FL00033,2026-08-13,V02,Central Depot Tank,9.4,1.65,15.48,26235
FL00034,2026-08-25,V02,Central Depot Tank,9.3,1.647,15.34,26526
FL00035,2026-09-03,V02,Central Depot Tank,9.5,1.672,15.96,26851
FL00036,2026-09-14,V02,Highway 9 Services,9.8,1.68,16.48,27184
FL00037,2026-09-22,V02,Highway 9 Services,9.1,1.721,15.58,27479
FL00038,2026-04-09,V03,Central Depot Tank,9.8,1.728,17.02,34338
FL00039,2026-04-18,V03,Central Depot Tank,9.2,1.748,16.16,34681
FL00040,2026-04-29,V03,Northgate Fuel,8.6,1.768,15.13,35012
FL00041,2026-05-08,V03,Central Depot Tank,9.4,1.786,16.75,35365
FL00042,2026-05-18,V03,Highway 9 Services,9.4,1.786,16.73,35719
FL00043,2026-05-28,V03,Highway 9 Services,9.0,1.768,15.94,36079
FL00044,2026-06-06,V03,Highway 9 Services,8.8,1.76,15.41,36424
FL00045,2026-06-16,V03,Central Depot Tank,9.5,1.758,16.66,36783
FL00046,2026-06-25,V03,Highway 9 Services,9.2,1.728,15.81,37132
FL00047,2026-07-04,V03,Central Depot Tank,8.5,1.71,14.58,37474
FL00048,2026-07-14,V03,Riverside Pump,9.3,1.68,15.63,37841
FL00049,2026-07-22,V03,Highway 9 Services,8.6,1.675,14.45,38160
FL00050,2026-08-01,V03,Central Depot Tank,8.5,1.669,14.19,38494
FL00051,2026-08-11,V03,Northgate Fuel,8.9,1.643,14.56,38849
FL00052,2026-08-20,V03,Riverside Pump,8.9,1.639,14.58,39197
FL00053,2026-08-29,V03,Northgate Fuel,9.4,1.677,15.79,39559
FL00054,2026-09-09,V03,Riverside Pump,9.6,1.693,16.33,39934
FL00055,2026-09-18,V03,Highway 9 Services,9.3,1.69,15.74,40297
FL00056,2026-09-28,V03,Northgate Fuel,9.3,1.714,16.03,40665
FL00057,2026-04-09,V04,Central Depot Tank,8.9,1.728,15.32,30606
FL00058,2026-04-20,V04,Northgate Fuel,8.7,1.762,15.31,30913
FL00059,2026-04-29,V04,Northgate Fuel,9.3,1.777,16.6,31225
FL00060,2026-05-12,V04,Central Depot Tank,9.6,1.791,17.22,31555
FL00061,2026-05-21,V04,Highway 9 Services,8.9,1.78,15.87,31878
FL00062,2026-06-01,V04,Northgate Fuel,9.2,1.795,16.46,32217
FL00063,2026-06-10,V04,Central Depot Tank,8.8,1.763,15.6,32524
FL00064,2026-06-23,V04,Riverside Pump,9.9,1.735,17.1,32881
FL00065,2026-07-03,V04,Northgate Fuel,9.8,1.716,16.88,33222
FL00066,2026-07-14,V04,Central Depot Tank,8.7,1.682,14.65,33530
FL00067,2026-07-24,V04,Highway 9 Services,9.3,1.67,15.59,33856
FL00068,2026-08-03,V04,Central Depot Tank,8.6,1.655,14.25,34150
FL00069,2026-08-13,V04,Riverside Pump,9.4,1.638,15.36,34482
FL00070,2026-08-24,V04,Highway 9 Services,9.8,1.667,16.28,34833
FL00071,2026-09-02,V04,Central Depot Tank,8.5,1.687,14.32,35134
FL00072,2026-09-11,V04,Northgate Fuel,9.1,1.699,15.54,35459
FL00073,2026-09-23,V04,Highway 9 Services,9.8,1.706,16.68,35799
FL00074,2026-04-08,V05,Central Depot Tank,9.7,1.744,16.86,40193
FL00075,2026-04-17,V05,Highway 9 Services,9.1,1.767,16.0,40536
FL00076,2026-04-28,V05,Highway 9 Services,9.0,1.766,15.93,40889
FL00077,2026-05-06,V05,Riverside Pump,9.2,1.785,16.5,41221
FL00078,2026-05-15,V05,Northgate Fuel,8.8,1.791,15.71,41545
FL00079,2026-05-23,V05,Central Depot Tank,8.6,1.769,15.21,41868
FL00080,2026-06-02,V05,Riverside Pump,9.1,1.777,16.21,42196
FL00081,2026-06-12,V05,Highway 9 Services,8.7,1.749,15.29,42514
FL00082,2026-06-22,V05,Northgate Fuel,9.2,1.731,15.92,42853
FL00083,2026-06-30,V05,Riverside Pump,8.8,1.712,15.1,43174
FL00084,2026-07-11,V05,Riverside Pump,9.4,1.685,15.81,43520
FL00085,2026-07-18,V05,Highway 9 Services,9.4,1.676,15.71,43831
FL00086,2026-07-28,V05,Highway 9 Services,9.0,1.66,15.02,44158
FL00087,2026-08-06,V05,Central Depot Tank,9.7,1.663,16.15,44513
FL00088,2026-08-14,V05,Riverside Pump,9.0,1.625,14.63,44844
FL00089,2026-08-22,V05,Central Depot Tank,8.9,1.652,14.75,45180
FL00090,2026-08-31,V05,Central Depot Tank,9.4,1.661,15.57,45539
FL00091,2026-09-09,V05,Central Depot Tank,9.3,1.669,15.51,45879
FL00092,2026-09-17,V05,Central Depot Tank,9.0,1.692,15.24,46205
FL00093,2026-09-26,V05,Central Depot Tank,8.5,1.735,14.72,46519
FL00094,2026-04-09,V06,Highway 9 Services,8.4,1.735,14.63,25956
FL00095,2026-04-20,V06,Highway 9 Services,9.7,1.766,17.11,26286
FL00096,2026-04-28,V06,Northgate Fuel,8.5,1.778,15.14,26570
FL00097,2026-05-06,V06,Highway 9 Services,9.0,1.79,16.07,26874
FL00098,2026-05-15,V06,Northgate Fuel,9.3,1.769,16.37,27183
FL00099,2026-05-28,V06,Central Depot Tank,9.0,1.779,15.99,27491
FL00100,2026-06-08,V06,Highway 9 Services,9.0,1.775,16.02,27802
FL00101,2026-06-17,V06,Riverside Pump,9.4,1.734,16.29,28123
FL00102,2026-06-25,V06,Riverside Pump,8.3,1.728,14.39,28407
FL00103,2026-07-06,V06,Riverside Pump,9.7,1.682,16.26,28731
FL00104,2026-07-14,V06,Northgate Fuel,8.4,1.677,14.14,29017
FL00105,2026-07-24,V06,Northgate Fuel,8.9,1.664,14.84,29306
FL00106,2026-08-04,V06,Riverside Pump,9.5,1.655,15.77,29619
FL00107,2026-08-12,V06,Highway 9 Services,9.4,1.67,15.7,29932
FL00108,2026-08-20,V06,Northgate Fuel,8.5,1.661,14.16,30210
FL00109,2026-08-31,V06,Riverside Pump,9.4,1.683,15.83,30542
FL00110,2026-09-10,V06,Highway 9 Services,9.1,1.683,15.37,30855
FL00111,2026-09-22,V06,Northgate Fuel,9.7,1.71,16.65,31175
FL00112,2026-04-08,V07,Highway 9 Services,9.3,1.731,16.14,16214
FL00113,2026-04-17,V07,Riverside Pump,8.9,1.768,15.68,16529
FL00114,2026-04-27,V07,Central Depot Tank,9.7,1.776,17.16,16868
FL00115,2026-05-05,V07,Central Depot Tank,8.7,1.779,15.56,17164
FL00116,2026-05-13,V07,Central Depot Tank,8.4,1.783,14.97,17466
FL00117,2026-05-25,V07,Riverside Pump,9.5,1.784,16.86,17804
FL00118,2026-06-01,V07,Central Depot Tank,8.8,1.769,15.58,18113
FL00119,2026-06-09,V07,Highway 9 Services,9.1,1.763,16.1,18429
FL00120,2026-06-17,V07,Riverside Pump,8.8,1.745,15.33,18736
FL00121,2026-06-25,V07,Riverside Pump,9.3,1.722,16.05,19062
FL00122,2026-07-04,V07,Highway 9 Services,9.8,1.71,16.82,19400
FL00123,2026-07-13,V07,Highway 9 Services,9.0,1.694,15.23,19700
FL00124,2026-07-21,V07,Highway 9 Services,9.6,1.674,16.04,20028
FL00125,2026-07-29,V07,Riverside Pump,9.1,1.662,15.14,20343
FL00126,2026-08-05,V07,Central Depot Tank,8.9,1.652,14.66,20595
FL00127,2026-08-12,V07,Central Depot Tank,10.6,1.655,17.56,20893
FL00128,2026-08-19,V07,Riverside Pump,10.1,1.656,16.69,21161
FL00129,2026-08-26,V07,Central Depot Tank,9.8,1.645,16.11,21433
FL00130,2026-09-02,V07,Northgate Fuel,10.2,1.665,16.99,21710
FL00131,2026-09-09,V07,Central Depot Tank,8.6,1.687,14.48,21953
FL00132,2026-09-16,V07,Central Depot Tank,8.5,1.702,14.5,22186
FL00133,2026-09-22,V07,Highway 9 Services,8.4,1.719,14.36,22417
FL00134,2026-09-29,V07,Central Depot Tank,9.9,1.731,17.22,22690
FL00135,2026-04-09,V08,Riverside Pump,8.8,1.739,15.23,13712
FL00136,2026-04-20,V08,Highway 9 Services,9.6,1.759,16.9,14062
FL00137,2026-05-01,V08,Central Depot Tank,9.2,1.775,16.32,14391
FL00138,2026-05-11,V08,Riverside Pump,8.5,1.789,15.28,14694
FL00139,2026-05-20,V08,Highway 9 Services,8.5,1.78,15.14,15009
FL00140,2026-05-28,V08,Highway 9 Services,8.4,1.781,14.92,15305
FL00141,2026-06-08,V08,Highway 9 Services,9.3,1.767,16.51,15635
FL00142,2026-06-16,V08,Northgate Fuel,8.5,1.737,14.76,15916
FL00143,2026-06-25,V08,Northgate Fuel,9.9,1.723,17.0,16255
FL00144,2026-07-07,V08,Riverside Pump,9.5,1.692,16.13,16600
FL00145,2026-07-15,V08,Riverside Pump,8.9,1.683,15.02,16898
FL00146,2026-07-24,V08,Riverside Pump,9.4,1.663,15.62,17228
FL00147,2026-08-03,V08,Northgate Fuel,9.2,1.643,15.04,17551
FL00148,2026-08-13,V08,Central Depot Tank,8.9,1.653,14.67,17872
FL00149,2026-08-21,V08,Riverside Pump,9.0,1.645,14.82,18184
FL00150,2026-09-03,V08,Riverside Pump,9.4,1.673,15.75,18530
FL00151,2026-09-14,V08,Highway 9 Services,9.3,1.696,15.82,18863
FL00152,2026-09-28,V08,Central Depot Tank,9.1,1.723,15.65,19189
FL00153,2026-04-09,V09,Central Depot Tank,8.9,1.737,15.45,22688
FL00154,2026-04-17,V09,Central Depot Tank,8.9,1.752,15.62,23012
FL00155,2026-04-27,V09,Riverside Pump,8.7,1.776,15.36,23324
FL00156,2026-05-06,V09,Northgate Fuel,9.1,1.788,16.19,23655
FL00157,2026-05-14,V09,Riverside Pump,8.6,1.792,15.4,23979
FL00158,2026-05-22,V09,Riverside Pump,9.2,1.805,16.56,24321
FL00159,2026-05-30,V09,Northgate Fuel,8.6,1.794,15.45,24628
FL00160,2026-06-09,V09,Riverside Pump,10.0,1.785,17.77,24984
FL00161,2026-06-19,V09,Highway 9 Services,9.0,1.734,15.53,25315
FL00162,2026-06-29,V09,Riverside Pump,9.2,1.719,15.86,25653
FL00163,2026-07-07,V09,Highway 9 Services,8.9,1.698,15.04,25974
FL00164,2026-07-16,V09,Highway 9 Services,8.9,1.682,15.04,26279
FL00165,2026-07-25,V09,Northgate Fuel,9.6,1.667,16.02,26635
FL00166,2026-08-03,V09,Highway 9 Services,8.7,1.652,14.36,26937
FL00167,2026-08-12,V09,Central Depot Tank,10.2,1.656,16.81,27308
FL00168,2026-08-20,V09,Highway 9 Services,8.8,1.648,14.45,27624
FL00169,2026-08-29,V09,Northgate Fuel,9.0,1.669,15.09,27966
FL00170,2026-09-07,V09,Northgate Fuel,9.9,1.673,16.5,28331
FL00171,2026-09-17,V09,Central Depot Tank,8.9,1.718,15.27,28663
FL00172,2026-09-26,V09,Highway 9 Services,9.5,1.727,16.4,29013
FL00173,2026-04-10,V10,Riverside Pump,9.5,1.729,16.39,15843
FL00174,2026-04-22,V10,Highway 9 Services,9.0,1.767,15.97,16162
FL00175,2026-05-01,V10,Northgate Fuel,9.3,1.775,16.6,16484
FL00176,2026-05-12,V10,Highway 9 Services,9.4,1.798,16.84,16809
FL00177,2026-05-21,V10,Highway 9 Services,8.7,1.786,15.54,17131
FL00178,2026-06-01,V10,Northgate Fuel,8.8,1.772,15.66,17446
FL00179,2026-06-10,V10,Central Depot Tank,9.8,1.752,17.19,17794
FL00180,2026-06-22,V10,Riverside Pump,9.6,1.749,16.75,18140
FL00181,2026-07-01,V10,Riverside Pump,9.2,1.728,15.94,18459
FL00182,2026-07-10,V10,Riverside Pump,8.5,1.71,14.57,18765
FL00183,2026-07-21,V10,Central Depot Tank,8.6,1.67,14.3,19067
FL00184,2026-08-03,V10,Riverside Pump,9.4,1.659,15.56,19406
FL00185,2026-08-12,V10,Central Depot Tank,9.4,1.662,15.68,19752
FL00186,2026-08-21,V10,Riverside Pump,9.3,1.652,15.35,20066
FL00187,2026-09-01,V10,Northgate Fuel,9.0,1.676,15.16,20396
FL00188,2026-09-09,V10,Northgate Fuel,8.7,1.688,14.61,20701
FL00189,2026-09-18,V10,Riverside Pump,8.7,1.719,14.89,21003
FL00190,2026-09-30,V10,Highway 9 Services,8.8,1.738,15.23,21323
FL00191,2026-04-08,V11,Central Depot Tank,8.3,1.733,14.45,27210
FL00192,2026-04-20,V11,Northgate Fuel,9.8,1.772,17.28,27582
FL00193,2026-04-28,V11,Highway 9 Services,8.7,1.78,15.51,27912
FL00194,2026-05-07,V11,Northgate Fuel,9.6,1.78,17.1,28267
FL00195,2026-05-15,V11,Central Depot Tank,8.7,1.797,15.57,28595
FL00196,2026-05-25,V11,Central Depot Tank,8.9,1.777,15.78,28944
FL00197,2026-06-03,V11,Northgate Fuel,8.6,1.767,15.26,29287
FL00198,2026-06-12,V11,Riverside Pump,9.1,1.747,15.86,29624
FL00199,2026-06-22,V11,Riverside Pump,9.1,1.759,15.97,29975
FL00200,2026-07-02,V11,Northgate Fuel,9.8,1.709,16.72,30340
FL00201,2026-07-13,V11,Riverside Pump,9.2,1.692,15.57,30704
FL00202,2026-07-23,V11,Riverside Pump,8.8,1.666,14.72,31039
FL00203,2026-08-01,V11,Central Depot Tank,9.3,1.666,15.42,31377
FL00204,2026-08-11,V11,Riverside Pump,9.2,1.654,15.25,31737
FL00205,2026-08-20,V11,Highway 9 Services,8.9,1.642,14.64,32081
FL00206,2026-08-29,V11,Riverside Pump,9.8,1.66,16.22,32449
FL00207,2026-09-09,V11,Northgate Fuel,9.4,1.684,15.79,32808
FL00208,2026-09-17,V11,Riverside Pump,8.6,1.705,14.68,33135
FL00209,2026-09-26,V11,Central Depot Tank,8.9,1.715,15.2,33482
FL00210,2026-04-08,V12,Northgate Fuel,8.8,1.755,15.36,30352
FL00211,2026-04-16,V12,Central Depot Tank,8.8,1.74,15.28,30641
FL00212,2026-04-23,V12,Highway 9 Services,8.5,1.757,15.0,30907
FL00213,2026-05-01,V12,Riverside Pump,8.8,1.78,15.73,31169
FL00214,2026-05-11,V12,Northgate Fuel,10.0,1.785,17.9,31484
FL00215,2026-05-19,V12,Riverside Pump,9.5,1.797,17.1,31793
FL00216,2026-05-27,V12,Riverside Pump,9.3,1.798,16.78,32097
FL00217,2026-06-04,V12,Highway 9 Services,9.5,1.785,16.93,32405
FL00218,2026-06-12,V12,Northgate Fuel,8.6,1.766,15.13,32670
FL00219,2026-06-22,V12,Central Depot Tank,8.3,1.738,14.43,32948
FL00220,2026-06-29,V12,Highway 9 Services,8.8,1.721,15.09,33228
FL00221,2026-07-07,V12,Central Depot Tank,8.4,1.696,14.31,33497
FL00222,2026-07-15,V12,Riverside Pump,9.2,1.672,15.4,33787
FL00223,2026-07-23,V12,Central Depot Tank,9.7,1.672,16.3,34095
FL00224,2026-07-31,V12,Highway 9 Services,9.2,1.645,15.07,34387
FL00225,2026-08-11,V12,Highway 9 Services,9.3,1.645,15.34,34689
FL00226,2026-08-19,V12,Highway 9 Services,8.9,1.651,14.68,34975
FL00227,2026-08-28,V12,Central Depot Tank,9.6,1.654,15.93,35281
FL00228,2026-09-07,V12,Highway 9 Services,10.5,1.678,17.64,35618
FL00229,2026-09-14,V12,Riverside Pump,8.7,1.688,14.67,35890
FL00230,2026-09-22,V12,Riverside Pump,8.8,1.696,14.96,36183
FL00231,2026-09-30,V12,Northgate Fuel,9.6,1.73,16.55,36488
FL00232,2026-04-09,V13,Riverside Pump,9.0,1.733,15.55,14355
FL00233,2026-04-17,V13,Highway 9 Services,8.3,1.769,14.68,14684
FL00234,2026-04-25,V13,Highway 9 Services,8.7,1.783,15.5,14998
FL00235,2026-05-04,V13,Riverside Pump,9.0,1.785,16.09,15325
FL00236,2026-05-13,V13,Central Depot Tank,9.6,1.796,17.26,15677
FL00237,2026-05-21,V13,Highway 9 Services,8.8,1.793,15.82,16001
FL00238,2026-05-29,V13,Highway 9 Services,8.6,1.816,15.68,16331
FL00239,2026-06-06,V13,Riverside Pump,9.1,1.745,15.95,16660
FL00240,2026-06-15,V13,Central Depot Tank,9.5,1.746,16.64,17021
FL00241,2026-06-25,V13,Central Depot Tank,9.1,1.726,15.72,17362
FL00242,2026-07-06,V13,Central Depot Tank,9.1,1.691,15.32,17707
FL00243,2026-07-13,V13,Riverside Pump,8.5,1.681,14.24,18006
FL00244,2026-07-21,V13,Central Depot Tank,8.8,1.65,14.51,18330
FL00245,2026-07-30,V13,Highway 9 Services,8.5,1.664,14.22,18657
FL00246,2026-08-07,V13,Northgate Fuel,9.3,1.663,15.49,18992
FL00247,2026-08-15,V13,Riverside Pump,8.5,1.653,14.09,19311
FL00248,2026-08-24,V13,Central Depot Tank,9.2,1.652,15.12,19647
FL00249,2026-09-02,V13,Highway 9 Services,8.7,1.659,14.43,19970
FL00250,2026-09-12,V13,Central Depot Tank,9.1,1.683,15.32,20310
FL00251,2026-09-23,V13,Highway 9 Services,9.3,1.731,16.04,20667
FL00252,2026-04-13,V14,Riverside Pump,9.2,1.743,16.08,35745
FL00253,2026-04-23,V14,Central Depot Tank,8.9,1.783,15.94,36075
FL00254,2026-05-04,V14,Northgate Fuel,9.3,1.795,16.69,36391
FL00255,2026-05-13,V14,Central Depot Tank,9.3,1.791,16.58,36727
FL00256,2026-05-25,V14,Riverside Pump,9.4,1.785,16.74,37074
FL00257,2026-06-04,V14,Central Depot Tank,9.3,1.766,16.44,37427
FL00258,2026-06-16,V14,Central Depot Tank,9.4,1.752,16.46,37774
FL00259,2026-06-25,V14,Central Depot Tank,9.2,1.738,15.97,38110
FL00260,2026-07-07,V14,Northgate Fuel,8.9,1.688,15.07,38438
FL00261,2026-07-15,V14,Highway 9 Services,8.5,1.675,14.25,38738
FL00262,2026-07-27,V14,Highway 9 Services,10.3,1.674,17.32,39119
FL00263,2026-08-05,V14,Central Depot Tank,8.8,1.638,14.46,39447
FL00264,2026-08-17,V14,Riverside Pump,8.9,1.655,14.71,39791
FL00265,2026-08-25,V14,Riverside Pump,8.6,1.64,14.07,40104
FL00266,2026-09-04,V14,Highway 9 Services,9.4,1.667,15.73,40457
FL00267,2026-09-15,V14,Northgate Fuel,8.5,1.708,14.45,40776
FL00268,2026-09-25,V14,Riverside Pump,9.6,1.721,16.51,41130
FL00269,2026-04-06,V15,Northgate Fuel,43.1,1.596,68.76,52049
FL00270,2026-04-11,V15,Highway 9 Services,46.8,1.591,74.53,52552
FL00271,2026-04-17,V15,Central Depot Tank,47.1,1.616,76.07,53066
FL00272,2026-04-23,V15,Central Depot Tank,47.6,1.629,77.56,53579
FL00273,2026-04-29,V15,Riverside Pump,53.2,1.627,86.54,54146
FL00274,2026-05-05,V15,Riverside Pump,46.3,1.635,75.76,54635
FL00275,2026-05-11,V15,Highway 9 Services,47.9,1.637,78.4,55138
FL00276,2026-05-18,V15,Highway 9 Services,49.4,1.623,80.18,55668
FL00277,2026-05-23,V15,Riverside Pump,44.7,1.638,73.14,56137
FL00278,2026-05-29,V15,Northgate Fuel,44.1,1.631,71.98,56601
FL00279,2026-06-04,V15,Central Depot Tank,43.4,1.634,70.92,57076
FL00280,2026-06-12,V15,Central Depot Tank,52.0,1.624,84.41,57613
FL00281,2026-06-18,V15,Riverside Pump,50.6,1.606,81.28,58153
FL00282,2026-06-24,V15,Highway 9 Services,42.5,1.58,67.11,58611
FL00283,2026-06-30,V15,Riverside Pump,45.0,1.587,71.39,59089
FL00284,2026-07-06,V15,Highway 9 Services,42.9,1.555,66.68,59548
FL00285,2026-07-11,V15,Northgate Fuel,44.1,1.558,68.76,60003
FL00286,2026-07-17,V15,Central Depot Tank,48.7,1.542,75.15,60487
FL00287,2026-07-23,V15,Central Depot Tank,46.4,1.549,71.9,60979
FL00288,2026-07-29,V15,Riverside Pump,46.2,1.525,70.48,61474
FL00289,2026-08-05,V15,Highway 9 Services,46.2,1.53,70.66,61958
FL00290,2026-08-11,V15,Riverside Pump,47.2,1.504,71.03,62460
FL00291,2026-08-17,V15,Riverside Pump,44.8,1.502,67.36,62951
FL00292,2026-08-22,V15,Highway 9 Services,48.9,1.51,73.81,63460
FL00293,2026-08-28,V15,Northgate Fuel,46.8,1.513,70.77,63962
FL00294,2026-09-03,V15,Highway 9 Services,42.2,1.529,64.47,64408
FL00295,2026-09-09,V15,Central Depot Tank,48.6,1.54,74.77,64919
FL00296,2026-09-15,V15,Northgate Fuel,45.0,1.557,70.05,65404
FL00297,2026-09-21,V15,Northgate Fuel,43.0,1.579,67.9,65867
FL00298,2026-09-28,V15,Central Depot Tank,47.6,1.593,75.88,66394
FL00299,2026-04-13,V16,Riverside Pump,46.2,1.605,74.19,117277
FL00300,2026-04-21,V16,Central Depot Tank,50.7,1.613,81.78,117838
FL00301,2026-04-29,V16,Riverside Pump,49.0,1.632,79.91,118387
FL00302,2026-05-07,V16,Highway 9 Services,49.0,1.645,80.59,118925
FL00303,2026-05-14,V16,Central Depot Tank,42.8,1.631,69.82,119410
FL00304,2026-05-22,V16,Northgate Fuel,45.6,1.644,74.99,119933
FL00305,2026-05-29,V16,Northgate Fuel,45.3,1.638,74.17,120435
FL00306,2026-06-08,V16,Central Depot Tank,42.8,1.623,69.39,120902
FL00307,2026-06-15,V16,Highway 9 Services,44.0,1.608,70.79,121386
FL00308,2026-06-23,V16,Highway 9 Services,49.4,1.585,78.23,121948
FL00309,2026-07-01,V16,Central Depot Tank,48.6,1.581,76.9,122499
FL00310,2026-07-09,V16,Central Depot Tank,51.5,1.549,79.73,123056
FL00311,2026-07-16,V16,Northgate Fuel,42.2,1.537,64.86,123509
FL00312,2026-07-23,V16,Highway 9 Services,45.4,1.537,69.85,124010
FL00313,2026-08-04,V16,Highway 9 Services,48.7,1.523,74.16,124552
FL00314,2026-08-12,V16,Highway 9 Services,45.7,1.516,69.29,125080
FL00315,2026-08-20,V16,Central Depot Tank,52.3,1.524,79.65,125665
FL00316,2026-08-31,V16,Central Depot Tank,48.7,1.532,74.64,126216
FL00317,2026-09-07,V16,Northgate Fuel,44.1,1.556,68.56,126711
FL00318,2026-09-15,V16,Northgate Fuel,43.7,1.547,67.52,127214
FL00319,2026-09-28,V16,Highway 9 Services,47.6,1.591,75.78,127732
FL00320,2026-04-06,V17,Highway 9 Services,43.2,1.593,68.76,37037
FL00321,2026-04-11,V17,Highway 9 Services,43.7,1.6,69.93,37523
FL00322,2026-04-18,V17,Central Depot Tank,48.3,1.616,77.99,38056
FL00323,2026-04-24,V17,Riverside Pump,44.7,1.629,72.86,38533
FL00324,2026-05-01,V17,Central Depot Tank,44.6,1.644,73.31,39015
FL00325,2026-05-08,V17,Highway 9 Services,47.5,1.637,77.78,39545
FL00326,2026-05-15,V17,Riverside Pump,47.2,1.651,77.93,40068
FL00327,2026-05-22,V17,Northgate Fuel,47.4,1.637,77.66,40589
FL00328,2026-05-28,V17,Highway 9 Services,42.2,1.63,68.81,41056
FL00329,2026-06-04,V17,Central Depot Tank,49.0,1.643,80.58,41598
FL00330,2026-06-10,V17,Central Depot Tank,50.1,1.625,81.47,42140
FL00331,2026-06-16,V17,Highway 9 Services,46.0,1.589,73.14,42645
FL00332,2026-06-22,V17,Riverside Pump,44.2,1.595,70.5,43116
FL00333,2026-06-27,V17,Central Depot Tank,46.1,1.57,72.44,43598
FL00334,2026-07-03,V17,Central Depot Tank,47.1,1.559,73.48,44095
FL00335,2026-07-09,V17,Highway 9 Services,47.6,1.559,74.18,44589
FL00336,2026-07-15,V17,Central Depot Tank,45.6,1.547,70.6,45081
FL00337,2026-07-20,V17,Northgate Fuel,42.2,1.531,64.63,45520
FL00338,2026-07-28,V17,Central Depot Tank,50.0,1.512,75.69,46056
FL00339,2026-08-04,V17,Central Depot Tank,47.3,1.5,70.95,46566
FL00340,2026-08-12,V17,Riverside Pump,51.1,1.522,77.77,47117
FL00341,2026-08-20,V17,Highway 9 Services,48.3,1.533,74.1,47636
FL00342,2026-08-27,V17,Central Depot Tank,45.0,1.515,68.11,48127
FL00343,2026-09-02,V17,Northgate Fuel,47.6,1.555,74.03,48651
FL00344,2026-09-08,V17,Riverside Pump,43.4,1.536,66.67,49126
FL00345,2026-09-14,V17,Highway 9 Services,46.1,1.553,71.56,49648
FL00346,2026-09-19,V17,Central Depot Tank,48.6,1.567,76.19,50153
FL00347,2026-09-26,V17,Highway 9 Services,52.3,1.602,83.84,50712
FL00348,2026-04-07,V18,Northgate Fuel,49.9,1.588,79.2,39430
FL00349,2026-04-14,V18,Riverside Pump,46.5,1.617,75.16,39906
FL00350,2026-04-21,V18,Central Depot Tank,50.3,1.616,81.38,40435
FL00351,2026-04-28,V18,Central Depot Tank,48.7,1.63,79.32,40954
FL00352,2026-05-05,V18,Riverside Pump,43.6,1.644,71.69,41417
FL00353,2026-05-12,V18,Riverside Pump,47.6,1.654,78.7,41937
FL00354,2026-05-21,V18,Riverside Pump,51.4,1.66,85.41,42466
FL00355,2026-06-01,V18,Central Depot Tank,42.5,1.641,69.66,42920
FL00356,2026-06-08,V18,Highway 9 Services,47.8,1.643,78.52,43424
FL00357,2026-06-15,V18,Riverside Pump,42.8,1.619,69.31,43890
FL00358,2026-06-22,V18,Northgate Fuel,52.0,1.606,83.53,44447
FL00359,2026-06-30,V18,Riverside Pump,46.1,1.573,72.52,44938
FL00360,2026-07-06,V18,Central Depot Tank,41.8,1.584,66.3,45391
FL00361,2026-07-15,V18,Riverside Pump,49.0,1.561,76.4,45907
FL00362,2026-07-21,V18,Central Depot Tank,45.5,1.541,70.13,46381
FL00363,2026-07-28,V18,Highway 9 Services,47.5,1.541,73.14,46880
FL00364,2026-08-04,V18,Northgate Fuel,58.6,1.542,90.31,47358
FL00365,2026-08-11,V18,Northgate Fuel,57.2,1.506,86.08,47845
FL00366,2026-08-20,V18,Northgate Fuel,58.4,1.528,89.28,48332
FL00367,2026-08-27,V18,Highway 9 Services,53.9,1.507,81.27,48781
FL00368,2026-09-03,V18,Northgate Fuel,59.1,1.528,90.29,49276
FL00369,2026-09-14,V18,Northgate Fuel,63.0,1.565,98.63,49798
FL00370,2026-09-18,V18,Central Depot Tank,54.9,1.561,85.79,50253
FL00371,2026-09-25,V18,Highway 9 Services,56.2,1.585,89.11,50721
FL00372,2026-04-06,V19,Riverside Pump,43.8,1.602,70.14,104556
FL00373,2026-04-11,V19,Central Depot Tank,45.7,1.605,73.38,105061
FL00374,2026-04-18,V19,Highway 9 Services,52.3,1.627,85.01,105631
FL00375,2026-04-24,V19,Northgate Fuel,47.9,1.602,76.64,106172
FL00376,2026-05-01,V19,Riverside Pump,51.5,1.63,83.93,106736
FL00377,2026-05-07,V19,Northgate Fuel,42.9,1.644,70.62,107219
FL00378,2026-05-13,V19,Highway 9 Services,48.6,1.645,79.9,107759
FL00379,2026-05-19,V19,Highway 9 Services,47.5,1.628,77.36,108284
FL00380,2026-05-25,V19,Riverside Pump,46.3,1.634,75.6,108797
FL00381,2026-05-30,V19,Highway 9 Services,46.1,1.639,75.57,109307
FL00382,2026-06-06,V19,Highway 9 Services,51.1,1.623,82.98,109887
FL00383,2026-06-13,V19,Central Depot Tank,45.8,1.604,73.37,110367
FL00384,2026-06-23,V19,Riverside Pump,48.5,1.588,76.96,110898
FL00385,2026-06-30,V19,Riverside Pump,47.6,1.562,74.35,111406
FL00386,2026-07-07,V19,Highway 9 Services,51.6,1.552,80.08,111965
FL00387,2026-07-14,V19,Northgate Fuel,51.8,1.551,80.28,112537
FL00388,2026-07-20,V19,Riverside Pump,48.0,1.557,74.65,113052
FL00389,2026-07-25,V19,Northgate Fuel,49.0,1.521,74.5,113602
FL00390,2026-07-31,V19,Highway 9 Services,42.9,1.539,66.04,114059
FL00391,2026-08-06,V19,Northgate Fuel,47.0,1.541,72.46,114563
FL00392,2026-08-12,V19,Highway 9 Services,46.8,1.527,71.48,115093
FL00393,2026-08-18,V19,Highway 9 Services,48.5,1.517,73.6,115619
FL00394,2026-08-24,V19,Central Depot Tank,47.6,1.525,72.6,116128
FL00395,2026-08-31,V19,Riverside Pump,48.2,1.542,74.29,116657
FL00396,2026-09-05,V19,Riverside Pump,44.5,1.535,68.27,117149
FL00397,2026-09-15,V19,Highway 9 Services,49.0,1.558,76.39,117689
FL00398,2026-09-22,V19,Riverside Pump,45.5,1.576,71.67,118186
FL00399,2026-09-30,V19,Northgate Fuel,49.4,1.593,78.74,118737
FL00400,2026-04-07,V20,Northgate Fuel,46.6,1.591,74.09,90439
FL00401,2026-04-14,V20,Northgate Fuel,44.1,1.584,69.78,90925
FL00402,2026-04-22,V20,Central Depot Tank,46.6,1.623,75.57,91425
FL00403,2026-04-29,V20,Central Depot Tank,43.7,1.634,71.43,91911
FL00404,2026-05-07,V20,Central Depot Tank,46.4,1.641,76.22,92418
FL00405,2026-05-15,V20,Central Depot Tank,47.5,1.659,78.74,92949
FL00406,2026-05-25,V20,Highway 9 Services,45.0,1.638,73.72,93452
FL00407,2026-06-02,V20,Central Depot Tank,44.8,1.623,72.71,93949
FL00408,2026-06-10,V20,Northgate Fuel,42.1,1.615,67.99,94427
FL00409,2026-06-17,V20,Northgate Fuel,47.1,1.586,74.76,94949
FL00410,2026-06-25,V20,Riverside Pump,52.6,1.576,82.94,95505
FL00411,2026-07-06,V20,Riverside Pump,42.4,1.56,66.16,95986
FL00412,2026-07-14,V20,Highway 9 Services,47.1,1.541,72.5,96490
FL00413,2026-07-21,V20,Riverside Pump,44.8,1.532,68.6,96960
FL00414,2026-07-28,V20,Northgate Fuel,44.8,1.531,68.5,97438
FL00415,2026-08-04,V20,Northgate Fuel,44.1,1.536,67.68,97928
FL00416,2026-08-12,V20,Highway 9 Services,51.1,1.523,77.88,98490
FL00417,2026-08-20,V20,Central Depot Tank,48.6,1.535,74.69,99016
FL00418,2026-08-28,V20,Highway 9 Services,49.2,1.52,74.83,99574
FL00419,2026-09-07,V20,Central Depot Tank,49.4,1.535,75.86,100105
FL00420,2026-09-15,V20,Riverside Pump,48.7,1.564,76.16,100646
FL00421,2026-09-23,V20,Riverside Pump,49.6,1.582,78.54,101183
FL00422,2026-09-30,V20,Highway 9 Services,46.3,1.596,73.99,101691
FL00423,2026-04-03,V21,Highway 9 Services,225.5,1.577,355.55,335443
FL00424,2026-04-07,V21,Central Depot Tank,244.1,1.605,391.78,336305
FL00425,2026-04-10,V21,Highway 9 Services,241.0,1.609,387.81,337138
FL00426,2026-04-15,V21,Highway 9 Services,292.1,1.6,467.46,338110
FL00427,2026-04-18,V21,Highway 9 Services,244.8,1.617,395.91,338927
FL00428,2026-04-23,V21,Central Depot Tank,230.4,1.648,379.56,339689
FL00429,2026-04-27,V21,Highway 9 Services,225.6,1.63,367.67,340502
FL00430,2026-05-01,V21,Northgate Fuel,267.7,1.643,439.76,341375
FL00431,2026-05-05,V21,Riverside Pump,224.1,1.64,367.57,342119
FL00432,2026-05-11,V21,Central Depot Tank,292.8,1.659,485.57,343120
FL00433,2026-05-14,V21,Highway 9 Services,226.5,1.621,367.09,343894
FL00434,2026-05-18,V21,Northgate Fuel,217.1,1.648,357.71,344641
FL00435,2026-05-22,V21,Highway 9 Services,254.8,1.64,417.95,345534
FL00436,2026-05-27,V21,Central Depot Tank,276.7,1.635,452.33,346491
FL00437,2026-06-01,V21,Highway 9 Services,295.1,1.628,480.26,347507
FL00438,2026-06-06,V21,Riverside Pump,270.5,1.628,440.24,348449
FL00439,2026-06-10,V21,Northgate Fuel,221.1,1.624,358.89,349201
FL00440,2026-06-13,V21,Central Depot Tank,219.5,1.623,356.28,349960
FL00441,2026-06-18,V21,Riverside Pump,248.2,1.604,398.18,350833
FL00442,2026-06-22,V21,Riverside Pump,230.8,1.601,369.53,351627
FL00443,2026-06-25,V21,Riverside Pump,284.4,1.586,451.03,352552
FL00444,2026-06-29,V21,Northgate Fuel,264.4,1.572,415.65,353444
FL00445,2026-07-03,V21,Northgate Fuel,213.8,1.572,336.14,354193
FL00446,2026-07-07,V21,Central Depot Tank,233.3,1.555,362.96,354960
FL00447,2026-07-10,V21,Highway 9 Services,218.8,1.548,338.71,355691
FL00448,2026-07-13,V21,Central Depot Tank,212.1,1.545,327.67,356388
FL00449,2026-07-16,V21,Northgate Fuel,271.3,1.529,414.84,357271
FL00450,2026-07-20,V21,Highway 9 Services,232.8,1.52,353.7,358056
FL00451,2026-07-24,V21,Riverside Pump,276.4,1.531,423.09,358990
FL00452,2026-07-28,V21,Riverside Pump,222.3,1.525,339.09,359762
FL00453,2026-08-03,V21,Riverside Pump,272.8,1.529,417.06,360673
FL00454,2026-08-06,V21,Riverside Pump,248.4,1.53,380.11,361547
FL00455,2026-08-11,V21,Riverside Pump,258.2,1.5,387.16,362442
FL00456,2026-08-14,V21,Northgate Fuel,250.6,1.516,379.76,363312
FL00457,2026-08-18,V21,Central Depot Tank,235.9,1.521,358.75,364110
FL00458,2026-08-21,V21,Northgate Fuel,242.8,1.54,374.06,364946
FL00459,2026-08-26,V21,Northgate Fuel,279.9,1.535,429.69,365861
FL00460,2026-08-29,V21,Highway 9 Services,246.3,1.542,379.74,366671
FL00461,2026-09-03,V21,Riverside Pump,262.5,1.527,400.87,367589
FL00462,2026-09-07,V21,Highway 9 Services,241.8,1.55,374.87,368424
FL00463,2026-09-10,V21,Riverside Pump,252.2,1.547,390.05,369313
FL00464,2026-09-16,V21,Northgate Fuel,302.4,1.564,472.96,370364
FL00465,2026-09-19,V21,Riverside Pump,255.3,1.568,400.39,371211
FL00466,2026-09-23,V21,Northgate Fuel,251.2,1.58,397.01,372074
FL00467,2026-09-28,V21,Highway 9 Services,269.9,1.565,422.45,373031
FL00468,2026-04-03,V22,Northgate Fuel,267.9,1.579,422.96,92956
FL00469,2026-04-08,V22,Central Depot Tank,281.8,1.602,451.54,93920
FL00470,2026-04-13,V22,Central Depot Tank,223.3,1.596,356.51,94651
FL00471,2026-04-17,V22,Riverside Pump,279.7,1.62,453.03,95538
FL00472,2026-04-22,V22,Northgate Fuel,258.1,1.624,419.11,96361
FL00473,2026-04-27,V22,Riverside Pump,257.0,1.624,417.43,97242
FL00474,2026-04-30,V22,Riverside Pump,268.0,1.633,437.65,98140
FL00475,2026-05-05,V22,Northgate Fuel,275.5,1.623,447.22,98976
FL00476,2026-05-08,V22,Highway 9 Services,241.1,1.654,398.69,99743
FL00477,2026-05-13,V22,Central Depot Tank,271.8,1.649,448.09,100646
FL00478,2026-05-19,V22,Riverside Pump,283.0,1.653,467.94,101607
FL00479,2026-05-22,V22,Riverside Pump,244.8,1.65,403.88,102428
FL00480,2026-05-27,V22,Central Depot Tank,241.1,1.633,393.73,103223
FL00481,2026-06-02,V22,Riverside Pump,280.2,1.644,460.65,104149
FL00482,2026-06-05,V22,Riverside Pump,241.2,1.616,389.83,104932
FL00483,2026-06-12,V22,Northgate Fuel,275.6,1.61,443.66,105831
FL00484,2026-06-18,V22,Northgate Fuel,224.6,1.592,357.71,106593
FL00485,2026-06-23,V22,Northgate Fuel,259.6,1.595,414.06,107445
FL00486,2026-06-26,V22,Riverside Pump,218.3,1.579,344.64,108127
FL00487,2026-07-01,V22,Highway 9 Services,236.8,1.589,376.45,108891
FL00488,2026-07-06,V22,Highway 9 Services,235.1,1.557,366.04,109660
FL00489,2026-07-10,V22,Riverside Pump,280.0,1.557,435.97,110547
FL00490,2026-07-15,V22,Central Depot Tank,270.0,1.552,419.0,111389
FL00491,2026-07-20,V22,Riverside Pump,223.5,1.556,347.77,112110
FL00492,2026-07-23,V22,Northgate Fuel,227.5,1.531,348.26,112867
FL00493,2026-07-28,V22,Central Depot Tank,252.0,1.523,383.76,113672
FL00494,2026-07-31,V22,Highway 9 Services,241.1,1.514,365.1,114425
FL00495,2026-08-05,V22,Riverside Pump,244.9,1.503,368.15,115229
FL00496,2026-08-10,V22,Riverside Pump,277.3,1.512,419.28,116153
FL00497,2026-08-14,V22,Northgate Fuel,227.0,1.511,342.97,116927
FL00498,2026-08-19,V22,Central Depot Tank,270.1,1.521,410.79,117821
FL00499,2026-08-24,V22,Highway 9 Services,245.6,1.533,376.53,118623
FL00500,2026-08-27,V22,Riverside Pump,214.7,1.537,330.04,119333
FL00501,2026-09-01,V22,Highway 9 Services,232.3,1.545,358.75,120083
FL00502,2026-09-04,V22,Central Depot Tank,257.8,1.539,396.77,120941
FL00503,2026-09-09,V22,Central Depot Tank,234.6,1.549,363.28,121734
FL00504,2026-09-14,V22,Highway 9 Services,238.0,1.549,368.52,122494
FL00505,2026-09-18,V22,Northgate Fuel,290.2,1.583,459.23,123397
FL00506,2026-09-23,V22,Northgate Fuel,243.5,1.577,384.09,124197
FL00507,2026-09-28,V22,Central Depot Tank,250.3,1.586,396.94,124998
FL00508,2026-04-04,V23,Central Depot Tank,228.6,1.572,359.37,131560
FL00509,2026-04-09,V23,Riverside Pump,266.5,1.603,427.16,132557
FL00510,2026-04-13,V23,Highway 9 Services,219.7,1.601,351.62,133381
FL00511,2026-04-16,V23,Central Depot Tank,214.6,1.604,344.08,134170
FL00512,2026-04-20,V23,Northgate Fuel,252.1,1.619,408.22,135107
FL00513,2026-04-24,V23,Highway 9 Services,269.9,1.628,439.54,136116
FL00514,2026-04-28,V23,Highway 9 Services,227.9,1.621,369.58,136953
FL00515,2026-05-02,V23,Highway 9 Services,211.4,1.635,345.68,137703
FL00516,2026-05-07,V23,Central Depot Tank,260.7,1.631,425.14,138653
FL00517,2026-05-11,V23,Riverside Pump,214.5,1.63,349.79,139430
FL00518,2026-05-14,V23,Northgate Fuel,236.6,1.646,389.53,140324
FL00519,2026-05-19,V23,Riverside Pump,231.6,1.648,381.6,141175
FL00520,2026-05-22,V23,Northgate Fuel,216.0,1.629,351.92,141952
FL00521,2026-05-27,V23,Riverside Pump,285.1,1.65,470.37,143000
FL00522,2026-05-30,V23,Central Depot Tank,216.5,1.644,355.93,143798
FL00523,2026-06-04,V23,Central Depot Tank,264.4,1.647,435.66,144796
FL00524,2026-06-08,V23,Riverside Pump,224.3,1.619,363.08,145601
FL00525,2026-06-12,V23,Northgate Fuel,275.5,1.623,447.29,146589
FL00526,2026-06-17,V23,Northgate Fuel,263.7,1.607,423.95,147529
FL00527,2026-06-20,V23,Highway 9 Services,219.0,1.606,351.73,148323
FL00528,2026-06-25,V23,Riverside Pump,215.0,1.581,339.86,149110
FL00529,2026-06-29,V23,Central Depot Tank,245.5,1.575,386.66,150003
FL00530,2026-07-02,V23,Highway 9 Services,224.9,1.588,357.13,150832
FL00531,2026-07-06,V23,Highway 9 Services,223.6,1.582,353.77,151666
FL00532,2026-07-10,V23,Highway 9 Services,210.2,1.558,327.37,152446
FL00533,2026-07-15,V23,Riverside Pump,294.8,1.536,452.96,153488
FL00534,2026-07-18,V23,Riverside Pump,225.9,1.525,344.43,154270
FL00535,2026-07-22,V23,Highway 9 Services,244.1,1.515,369.83,155176
FL00536,2026-07-27,V23,Central Depot Tank,251.5,1.536,386.43,156115
FL00537,2026-07-30,V23,Highway 9 Services,245.7,1.523,374.36,157019
FL00538,2026-08-03,V23,Northgate Fuel,219.2,1.535,336.49,157851
FL00539,2026-08-07,V23,Central Depot Tank,281.3,1.532,430.87,158882
FL00540,2026-08-11,V23,Central Depot Tank,222.4,1.52,338.09,159702
FL00541,2026-08-14,V23,Highway 9 Services,216.5,1.533,331.95,160506
FL00542,2026-08-18,V23,Highway 9 Services,225.8,1.521,343.38,161342
FL00543,2026-08-22,V23,Northgate Fuel,258.0,1.515,390.86,162274
FL00544,2026-08-27,V23,Central Depot Tank,295.8,1.538,455.0,163354
FL00545,2026-09-01,V23,Riverside Pump,275.1,1.534,422.04,164362
FL00546,2026-09-04,V23,Riverside Pump,241.8,1.54,372.35,165272
FL00547,2026-09-09,V23,Central Depot Tank,291.6,1.555,453.46,166318
FL00548,2026-09-17,V23,Highway 9 Services,278.6,1.555,433.07,167334
FL00549,2026-09-22,V23,Riverside Pump,224.6,1.578,354.43,168156
FL00550,2026-09-26,V23,Northgate Fuel,249.5,1.571,391.95,169054
FL00551,2026-09-30,V23,Riverside Pump,213.3,1.609,343.03,169863
FL00552,2026-04-03,V24,Riverside Pump,213.0,1.588,338.21,114954
FL00553,2026-04-08,V24,Central Depot Tank,232.5,1.604,372.97,115789
FL00554,2026-04-14,V24,Highway 9 Services,227.2,1.597,362.86,116601
FL00555,2026-04-20,V24,Highway 9 Services,246.2,1.615,397.78,117498
FL00556,2026-04-23,V24,Central Depot Tank,212.8,1.642,349.57,118221
FL00557,2026-04-28,V24,Riverside Pump,216.6,1.654,358.19,119011
FL00558,2026-05-01,V24,Riverside Pump,242.2,1.637,396.62,119852
FL00559,2026-05-06,V24,Central Depot Tank,233.7,1.631,381.33,120700
FL00560,2026-05-11,V24,Highway 9 Services,239.5,1.639,392.56,121559
FL00561,2026-05-14,V24,Central Depot Tank,240.3,1.644,395.06,122424
FL00562,2026-05-20,V24,Riverside Pump,286.7,1.633,468.1,123448
FL00563,2026-05-25,V24,Central Depot Tank,237.4,1.655,392.89,124309
FL00564,2026-05-28,V24,Central Depot Tank,226.0,1.629,368.17,125113
FL00565,2026-06-02,V24,Central Depot Tank,221.8,1.63,361.48,125919
FL00566,2026-06-05,V24,Northgate Fuel,239.8,1.628,390.41,126791
FL00567,2026-06-10,V24,Northgate Fuel,263.9,1.616,426.56,127730
FL00568,2026-06-15,V24,Northgate Fuel,245.8,1.611,396.03,128611
FL00569,2026-06-19,V24,Northgate Fuel,227.8,1.594,363.0,129430
FL00570,2026-06-24,V24,Central Depot Tank,209.2,1.586,331.82,130176
FL00571,2026-06-29,V24,Central Depot Tank,261.4,1.564,408.87,131097
FL00572,2026-07-02,V24,Highway 9 Services,223.9,1.582,354.12,131911
FL00573,2026-07-07,V24,Northgate Fuel,233.0,1.556,362.44,132735
FL00574,2026-07-13,V24,Central Depot Tank,250.9,1.538,385.89,133655
FL00575,2026-07-16,V24,Highway 9 Services,221.7,1.52,336.95,134447
FL00576,2026-07-21,V24,Riverside Pump,257.0,1.539,395.56,135363
FL00577,2026-07-24,V24,Highway 9 Services,232.7,1.539,358.1,136193
FL00578,2026-07-30,V24,Northgate Fuel,263.0,1.525,401.13,137125
FL00579,2026-08-04,V24,Central Depot Tank,246.3,1.516,373.44,138013
FL00580,2026-08-07,V24,Central Depot Tank,211.6,1.532,324.31,138772
FL00581,2026-08-17,V24,Central Depot Tank,278.5,1.516,422.04,139776
FL00582,2026-08-21,V24,Central Depot Tank,240.4,1.499,360.39,140656
FL00583,2026-08-26,V24,Highway 9 Services,216.4,1.52,329.01,141466
FL00584,2026-09-01,V24,Riverside Pump,243.5,1.518,369.69,142355
FL00585,2026-09-04,V24,Highway 9 Services,237.6,1.537,365.33,143216
FL00586,2026-09-09,V24,Central Depot Tank,216.0,1.542,333.2,143962
FL00587,2026-09-14,V24,Riverside Pump,213.5,1.546,330.01,144717
FL00588,2026-09-17,V24,Central Depot Tank,229.5,1.565,359.05,145520
FL00589,2026-09-23,V24,Highway 9 Services,212.4,1.559,330.99,146276
FL00590,2026-09-28,V24,Riverside Pump,214.9,1.575,338.4,147061
