route_id,vehicle_type,zone,typical_stops,typical_km
BK-01,motorbike,Distrito Nacional,21,35
BK-02,motorbike,Zona Colonial,24,42
BK-03,motorbike,Santo Domingo Este,23,44
BK-04,motorbike,Santo Domingo Oeste,21,61
BK-05,motorbike,Santo Domingo Norte,28,42
BK-06,motorbike,Los Alcarrizos,26,41
VN-01,van,Boca Chica,16,87
VN-02,van,San Cristóbal,17,102
VN-03,van,Villa Altagracia,20,119
VN-04,van,Haina,16,77
TR-01,truck,Punta Cana-Bávaro,8,424
TR-02,truck,Santiago,10,327
TR-03,truck,La Romana,10,268
