date,vehicle_id,position,target_bar,reading_bar,status
2026-04-01,V01,F,2.2,2.17,OK
2026-04-01,V01,R,2.2,2.17,OK
2026-04-01,V02,F,2.2,2.18,OK
2026-04-01,V02,R,2.2,2.14,OK
2026-04-01,V03,F,2.2,2.18,OK
2026-04-01,V03,R,2.2,2.11,OK
2026-04-01,V04,F,2.2,2.18,OK
2026-04-01,V04,R,2.2,2.19,OK
2026-04-01,V05,F,2.2,2.17,OK
2026-04-01,V05,R,2.2,2.16,OK
2026-04-01,V06,F,2.2,2.13,OK
2026-04-01,V06,R,2.2,2.14,OK
2026-04-01,V07,F,2.2,2.26,OK
2026-04-01,V07,R,2.2,2.16,OK
2026-04-01,V08,F,2.2,2.24,OK
2026-04-01,V08,R,2.2,2.17,OK
2026-04-01,V09,F,2.2,2.18,OK
2026-04-01,V09,R,2.2,2.15,OK
2026-04-01,V10,F,2.2,2.24,OK
2026-04-01,V10,R,2.2,2.21,OK
2026-04-01,V11,F,2.2,2.19,OK
2026-04-01,V11,R,2.2,2.18,OK
2026-04-01,V12,F,2.2,2.22,OK
2026-04-01,V12,R,2.2,2.15,OK
2026-04-01,V13,F,2.2,2.16,OK
2026-04-01,V13,R,2.2,2.27,OK
2026-04-01,V14,F,2.2,2.18,OK
2026-04-01,V14,R,2.2,2.13,OK
2026-04-01,V15,FL,3.2,3.2,OK
2026-04-01,V15,FR,3.2,3.2,OK
2026-04-01,V15,RL,3.2,3.19,OK
2026-04-01,V15,RR,3.2,3.15,OK
2026-04-01,V16,FL,3.2,3.13,OK
2026-04-01,V16,FR,3.2,3.09,OK
2026-04-01,V16,RL,3.2,3.22,OK
2026-04-01,V16,RR,3.2,3.15,OK
2026-04-01,V17,FL,3.2,3.24,OK
2026-04-01,V17,FR,3.2,3.13,OK
2026-04-01,V17,RL,3.2,3.22,OK
2026-04-01,V17,RR,3.2,3.15,OK
2026-04-01,V18,FL,3.2,3.17,OK
2026-04-01,V18,FR,3.2,3.25,OK
2026-04-01,V18,RL,3.2,3.19,OK
2026-04-01,V18,RR,3.2,3.13,OK
2026-04-01,V19,FL,3.2,3.12,OK
2026-04-01,V19,FR,3.2,3.08,OK
2026-04-01,V19,RL,3.2,3.29,OK
2026-04-01,V19,RR,3.2,3.12,OK
2026-04-01,V20,FL,3.2,3.26,OK
2026-04-01,V20,FR,3.2,3.21,OK
2026-04-01,V20,RL,3.2,3.23,OK
2026-04-01,V20,RR,3.2,3.04,OK
2026-04-01,V21,FL,8.0,7.89,OK
2026-04-01,V21,FR,8.0,8.09,OK
2026-04-01,V21,RL1,8.0,7.85,OK
2026-04-01,V21,RL2,8.0,8.05,OK
2026-04-01,V21,RR1,8.0,7.95,OK
2026-04-01,V21,RR2,8.0,8.01,OK
2026-04-01,V22,FL,8.0,8.2,OK
2026-04-01,V22,FR,8.0,7.62,OK
2026-04-01,V22,RL1,8.0,8.12,OK
2026-04-01,V22,RL2,8.0,7.62,OK
2026-04-01,V22,RR1,8.0,7.83,OK
2026-04-01,V22,RR2,8.0,8.2,OK
2026-04-01,V23,FL,8.0,7.89,OK
2026-04-01,V23,FR,8.0,8.03,OK
2026-04-01,V23,RL1,8.0,7.94,OK
2026-04-01,V23,RL2,8.0,7.94,OK
2026-04-01,V23,RR1,8.0,8.04,OK
2026-04-01,V23,RR2,8.0,8.17,OK
2026-04-01,V24,FL,8.0,8.01,OK
2026-04-01,V24,FR,8.0,7.8,OK
2026-04-01,V24,RL1,8.0,8.39,OK
2026-04-01,V24,RL2,8.0,7.92,OK
2026-04-01,V24,RR1,8.0,7.93,OK
2026-04-01,V24,RR2,8.0,7.91,OK
2026-04-08,V01,F,2.2,2.14,OK
2026-04-08,V01,R,2.2,2.1,OK
2026-04-08,V02,F,2.2,2.23,OK
2026-04-08,V02,R,2.2,2.18,OK
2026-04-08,V03,F,2.2,2.17,OK
2026-04-08,V03,R,2.2,2.15,OK
2026-04-08,V04,F,2.2,2.24,OK
2026-04-08,V04,R,2.2,2.2,OK
2026-04-08,V05,F,2.2,2.17,OK
2026-04-08,V05,R,2.2,2.17,OK
2026-04-08,V06,F,2.2,2.23,OK
2026-04-08,V06,R,2.2,2.19,OK
2026-04-08,V07,F,2.2,2.23,OK
2026-04-08,V07,R,2.2,2.21,OK
2026-04-08,V08,F,2.2,2.2,OK
2026-04-08,V08,R,2.2,2.15,OK
2026-04-08,V09,F,2.2,2.13,OK
2026-04-08,V09,R,2.2,2.11,OK
2026-04-08,V10,F,2.2,2.18,OK
2026-04-08,V10,R,2.2,2.23,OK
2026-04-08,V11,F,2.2,2.09,OK
2026-04-08,V11,R,2.2,2.13,OK
2026-04-08,V12,F,2.2,2.25,OK
2026-04-08,V12,R,2.2,2.2,OK
2026-04-08,V13,F,2.2,2.28,OK
2026-04-08,V13,R,2.2,2.08,OK
2026-04-08,V14,F,2.2,2.22,OK
2026-04-08,V14,R,2.2,2.23,OK
2026-04-08,V15,FL,3.2,3.29,OK
2026-04-08,V15,FR,3.2,3.17,OK
2026-04-08,V15,RL,3.2,3.04,OK
2026-04-08,V15,RR,3.2,3.28,OK
2026-04-08,V16,FL,3.2,3.13,OK
2026-04-08,V16,FR,3.2,3.15,OK
2026-04-08,V16,RL,3.2,3.15,OK
2026-04-08,V16,RR,3.2,3.3,OK
2026-04-08,V17,FL,3.2,3.02,OK
2026-04-08,V17,FR,3.2,3.22,OK
2026-04-08,V17,RL,3.2,3.14,OK
2026-04-08,V17,RR,3.2,3.16,OK
2026-04-08,V18,FL,3.2,3.15,OK
2026-04-08,V18,FR,3.2,3.25,OK
2026-04-08,V18,RL,3.2,3.11,OK
2026-04-08,V18,RR,3.2,3.22,OK
2026-04-08,V19,FL,3.2,3.16,OK
2026-04-08,V19,FR,3.2,3.17,OK
2026-04-08,V19,RL,3.2,3.18,OK
2026-04-08,V19,RR,3.2,3.17,OK
2026-04-08,V20,FL,3.2,3.12,OK
2026-04-08,V20,FR,3.2,3.14,OK
2026-04-08,V20,RL,3.2,3.1,OK
2026-04-08,V20,RR,3.2,3.12,OK
2026-04-08,V21,FL,8.0,8.14,OK
2026-04-08,V21,FR,8.0,7.92,OK
2026-04-08,V21,RL1,8.0,7.7,OK
2026-04-08,V21,RL2,8.0,7.79,OK
2026-04-08,V21,RR1,8.0,8.12,OK
2026-04-08,V21,RR2,8.0,7.89,OK
2026-04-08,V22,FL,8.0,7.71,OK
2026-04-08,V22,FR,8.0,7.8,OK
2026-04-08,V22,RL1,8.0,7.76,OK
2026-04-08,V22,RL2,8.0,7.98,OK
2026-04-08,V22,RR1,8.0,8.03,OK
2026-04-08,V22,RR2,8.0,7.71,OK
2026-04-08,V23,FL,8.0,7.94,OK
2026-04-08,V23,FR,8.0,8.1,OK
2026-04-08,V23,RL1,8.0,8.12,OK
2026-04-08,V23,RL2,8.0,8.23,OK
2026-04-08,V23,RR1,8.0,7.86,OK
2026-04-08,V23,RR2,8.0,8.09,OK
2026-04-08,V24,FL,8.0,7.75,OK
2026-04-08,V24,FR,8.0,8.02,OK
2026-04-08,V24,RL1,8.0,7.97,OK
2026-04-08,V24,RL2,8.0,8.04,OK
2026-04-08,V24,RR1,8.0,7.94,OK
2026-04-08,V24,RR2,8.0,8.09,OK
2026-04-15,V01,F,2.2,2.21,OK
2026-04-15,V01,R,2.2,2.16,OK
2026-04-15,V02,F,2.2,2.18,OK
2026-04-15,V02,R,2.2,2.21,OK
2026-04-15,V03,F,2.2,2.13,OK
2026-04-15,V03,R,2.2,1.88,LOW
2026-04-15,V04,F,2.2,2.12,OK
2026-04-15,V04,R,2.2,2.22,OK
2026-04-15,V05,F,2.2,2.19,OK
2026-04-15,V05,R,2.2,2.2,OK
2026-04-15,V06,F,2.2,2.13,OK
2026-04-15,V06,R,2.2,2.11,OK
2026-04-15,V07,F,2.2,2.18,OK
2026-04-15,V07,R,2.2,2.23,OK
2026-04-15,V08,F,2.2,2.15,OK
2026-04-15,V08,R,2.2,2.16,OK
2026-04-15,V09,F,2.2,2.23,OK
2026-04-15,V09,R,2.2,2.18,OK
2026-04-15,V10,F,2.2,2.19,OK
2026-04-15,V10,R,2.2,2.12,OK
2026-04-15,V11,F,2.2,2.15,OK
2026-04-15,V11,R,2.2,2.19,OK
2026-04-15,V12,F,2.2,2.15,OK
2026-04-15,V12,R,2.2,2.17,OK
2026-04-15,V13,F,2.2,2.2,OK
2026-04-15,V13,R,2.2,1.79,LOW
2026-04-15,V14,F,2.2,2.18,OK
2026-04-15,V14,R,2.2,2.22,OK
2026-04-15,V15,FL,3.2,2.59,LOW
2026-04-15,V15,FR,3.2,3.17,OK
2026-04-15,V15,RL,3.2,3.22,OK
2026-04-15,V15,RR,3.2,3.15,OK
2026-04-15,V16,FL,3.2,3.16,OK
2026-04-15,V16,FR,3.2,3.1,OK
2026-04-15,V16,RL,3.2,3.21,OK
2026-04-15,V16,RR,3.2,3.16,OK
2026-04-15,V17,FL,3.2,3.1,OK
2026-04-15,V17,FR,3.2,3.04,OK
2026-04-15,V17,RL,3.2,3.16,OK
2026-04-15,V17,RR,3.2,3.2,OK
2026-04-15,V18,FL,3.2,3.08,OK
2026-04-15,V18,FR,3.2,3.21,OK
2026-04-15,V18,RL,3.2,3.07,OK
2026-04-15,V18,RR,3.2,3.24,OK
2026-04-15,V19,FL,3.2,3.18,OK
2026-04-15,V19,FR,3.2,3.14,OK
2026-04-15,V19,RL,3.2,3.21,OK
2026-04-15,V19,RR,3.2,3.16,OK
2026-04-15,V20,FL,3.2,3.13,OK
2026-04-15,V20,FR,3.2,3.19,OK
2026-04-15,V20,RL,3.2,3.23,OK
2026-04-15,V20,RR,3.2,3.26,OK
2026-04-15,V21,FL,8.0,8.13,OK
2026-04-15,V21,FR,8.0,7.92,OK
2026-04-15,V21,RL1,8.0,8.06,OK
2026-04-15,V21,RL2,8.0,7.92,OK
2026-04-15,V21,RR1,8.0,8.12,OK
2026-04-15,V21,RR2,8.0,6.71,LOW
2026-04-15,V22,FL,8.0,8.17,OK
2026-04-15,V22,FR,8.0,8.2,OK
2026-04-15,V22,RL1,8.0,7.89,OK
2026-04-15,V22,RL2,8.0,7.87,OK
2026-04-15,V22,RR1,8.0,7.93,OK
2026-04-15,V22,RR2,8.0,7.82,OK
2026-04-15,V23,FL,8.0,8.05,OK
2026-04-15,V23,FR,8.0,6.5,LOW
2026-04-15,V23,RL1,8.0,8.02,OK
2026-04-15,V23,RL2,8.0,7.54,OK
2026-04-15,V23,RR1,8.0,7.83,OK
2026-04-15,V23,RR2,8.0,7.7,OK
2026-04-15,V24,FL,8.0,7.84,OK
2026-04-15,V24,FR,8.0,7.82,OK
2026-04-15,V24,RL1,8.0,7.68,OK
2026-04-15,V24,RL2,8.0,8.15,OK
2026-04-15,V24,RR1,8.0,7.63,OK
2026-04-15,V24,RR2,8.0,7.72,OK
2026-04-22,V01,F,2.2,2.25,OK
2026-04-22,V01,R,2.2,2.18,OK
2026-04-22,V02,F,2.2,2.22,OK
2026-04-22,V02,R,2.2,2.15,OK
2026-04-22,V03,F,2.2,2.17,OK
2026-04-22,V03,R,2.2,2.1,OK
2026-04-22,V04,F,2.2,2.12,OK
2026-04-22,V04,R,2.2,2.17,OK
2026-04-22,V05,F,2.2,2.12,OK
2026-04-22,V05,R,2.2,1.86,LOW
2026-04-22,V06,F,2.2,2.24,OK
2026-04-22,V06,R,2.2,2.17,OK
2026-04-22,V07,F,2.2,2.14,OK
2026-04-22,V07,R,2.2,2.21,OK
2026-04-22,V08,F,2.2,2.18,OK
2026-04-22,V08,R,2.2,2.11,OK
2026-04-22,V09,F,2.2,2.12,OK
2026-04-22,V09,R,2.2,2.17,OK
2026-04-22,V10,F,2.2,2.22,OK
2026-04-22,V10,R,2.2,2.12,OK
2026-04-22,V11,F,2.2,2.22,OK
2026-04-22,V11,R,2.2,2.17,OK
2026-04-22,V12,F,2.2,2.08,OK
2026-04-22,V12,R,2.2,2.15,OK
2026-04-22,V13,F,2.2,2.21,OK
2026-04-22,V13,R,2.2,2.18,OK
2026-04-22,V14,F,2.2,2.18,OK
2026-04-22,V14,R,2.2,2.15,OK
2026-04-22,V15,FL,3.2,3.19,OK
2026-04-22,V15,FR,3.2,3.27,OK
2026-04-22,V15,RL,3.2,3.12,OK
2026-04-22,V15,RR,3.2,3.3,OK
2026-04-22,V16,FL,3.2,3.18,OK
2026-04-22,V16,FR,3.2,3.12,OK
2026-04-22,V16,RL,3.2,3.27,OK
2026-04-22,V16,RR,3.2,3.17,OK
2026-04-22,V17,FL,3.2,3.18,OK
2026-04-22,V17,FR,3.2,3.18,OK
2026-04-22,V17,RL,3.2,3.09,OK
2026-04-22,V17,RR,3.2,3.21,OK
2026-04-22,V18,FL,3.2,3.2,OK
2026-04-22,V18,FR,3.2,3.11,OK
2026-04-22,V18,RL,3.2,3.24,OK
2026-04-22,V18,RR,3.2,3.21,OK
2026-04-22,V19,FL,3.2,3.13,OK
2026-04-22,V19,FR,3.2,3.14,OK
2026-04-22,V19,RL,3.2,3.09,OK
2026-04-22,V19,RR,3.2,3.17,OK
2026-04-22,V20,FL,3.2,3.15,OK
2026-04-22,V20,FR,3.2,3.18,OK
2026-04-22,V20,RL,3.2,3.21,OK
2026-04-22,V20,RR,3.2,3.3,OK
2026-04-22,V21,FL,8.0,8.03,OK
2026-04-22,V21,FR,8.0,7.54,OK
2026-04-22,V21,RL1,8.0,7.96,OK
2026-04-22,V21,RL2,8.0,8.02,OK
2026-04-22,V21,RR1,8.0,7.76,OK
2026-04-22,V21,RR2,8.0,7.83,OK
2026-04-22,V22,FL,8.0,8.09,OK
2026-04-22,V22,FR,8.0,8.04,OK
2026-04-22,V22,RL1,8.0,8.26,OK
2026-04-22,V22,RL2,8.0,7.98,OK
2026-04-22,V22,RR1,8.0,7.04,LOW
2026-04-22,V22,RR2,8.0,8.21,OK
2026-04-22,V23,FL,8.0,7.91,OK
2026-04-22,V23,FR,8.0,7.86,OK
2026-04-22,V23,RL1,8.0,7.84,OK
2026-04-22,V23,RL2,8.0,8.06,OK
2026-04-22,V23,RR1,8.0,7.91,OK
2026-04-22,V23,RR2,8.0,7.75,OK
2026-04-22,V24,FL,8.0,7.82,OK
2026-04-22,V24,FR,8.0,7.75,OK
2026-04-22,V24,RL1,8.0,8.0,OK
2026-04-22,V24,RL2,8.0,8.09,OK
2026-04-22,V24,RR1,8.0,8.28,OK
2026-04-22,V24,RR2,8.0,7.95,OK
2026-04-29,V01,F,2.2,2.22,OK
2026-04-29,V01,R,2.2,2.11,OK
2026-04-29,V02,F,2.2,2.15,OK
2026-04-29,V02,R,2.2,2.25,OK
2026-04-29,V03,F,2.2,2.08,OK
2026-04-29,V03,R,2.2,2.2,OK
2026-04-29,V04,F,2.2,2.2,OK
2026-04-29,V04,R,2.2,2.19,OK
2026-04-29,V05,F,2.2,2.18,OK
2026-04-29,V05,R,2.2,2.18,OK
2026-04-29,V06,F,2.2,2.14,OK
2026-04-29,V06,R,2.2,2.2,OK
2026-04-29,V07,F,2.2,2.19,OK
2026-04-29,V07,R,2.2,2.15,OK
2026-04-29,V08,F,2.2,2.13,OK
2026-04-29,V08,R,2.2,2.22,OK
2026-04-29,V09,F,2.2,2.2,OK
2026-04-29,V09,R,2.2,2.21,OK
2026-04-29,V10,F,2.2,2.14,OK
2026-04-29,V10,R,2.2,2.07,OK
2026-04-29,V11,F,2.2,2.21,OK
2026-04-29,V11,R,2.2,2.19,OK
2026-04-29,V12,F,2.2,2.23,OK
2026-04-29,V12,R,2.2,2.18,OK
2026-04-29,V13,F,2.2,2.14,OK
2026-04-29,V13,R,2.2,2.18,OK
2026-04-29,V14,F,2.2,2.15,OK
2026-04-29,V14,R,2.2,2.18,OK
2026-04-29,V15,FL,3.2,3.08,OK
2026-04-29,V15,FR,3.2,3.33,OK
2026-04-29,V15,RL,3.2,3.25,OK
2026-04-29,V15,RR,3.2,3.24,OK
2026-04-29,V16,FL,3.2,3.22,OK
2026-04-29,V16,FR,3.2,3.16,OK
2026-04-29,V16,RL,3.2,3.11,OK
2026-04-29,V16,RR,3.2,3.15,OK
2026-04-29,V17,FL,3.2,3.14,OK
2026-04-29,V17,FR,3.2,3.11,OK
2026-04-29,V17,RL,3.2,3.22,OK
2026-04-29,V17,RR,3.2,3.11,OK
2026-04-29,V18,FL,3.2,3.12,OK
2026-04-29,V18,FR,3.2,3.14,OK
2026-04-29,V18,RL,3.2,3.25,OK
2026-04-29,V18,RR,3.2,3.07,OK
2026-04-29,V19,FL,3.2,3.23,OK
2026-04-29,V19,FR,3.2,3.09,OK
2026-04-29,V19,RL,3.2,3.29,OK
2026-04-29,V19,RR,3.2,3.18,OK
2026-04-29,V20,FL,3.2,3.18,OK
2026-04-29,V20,FR,3.2,3.13,OK
2026-04-29,V20,RL,3.2,3.23,OK
2026-04-29,V20,RR,3.2,3.19,OK
2026-04-29,V21,FL,8.0,8.0,OK
2026-04-29,V21,FR,8.0,7.95,OK
2026-04-29,V21,RL1,8.0,7.64,OK
2026-04-29,V21,RL2,8.0,7.8,OK
2026-04-29,V21,RR1,8.0,7.72,OK
2026-04-29,V21,RR2,8.0,7.99,OK
2026-04-29,V22,FL,8.0,7.97,OK
2026-04-29,V22,FR,8.0,7.92,OK
2026-04-29,V22,RL1,8.0,7.79,OK
2026-04-29,V22,RL2,8.0,7.94,OK
2026-04-29,V22,RR1,8.0,7.93,OK
2026-04-29,V22,RR2,8.0,7.83,OK
2026-04-29,V23,FL,8.0,7.97,OK
2026-04-29,V23,FR,8.0,7.98,OK
2026-04-29,V23,RL1,8.0,8.07,OK
2026-04-29,V23,RL2,8.0,7.92,OK
2026-04-29,V23,RR1,8.0,8.04,OK
2026-04-29,V23,RR2,8.0,8.2,OK
2026-04-29,V24,FL,8.0,7.92,OK
2026-04-29,V24,FR,8.0,7.97,OK
2026-04-29,V24,RL1,8.0,7.85,OK
2026-04-29,V24,RL2,8.0,7.83,OK
2026-04-29,V24,RR1,8.0,8.15,OK
2026-04-29,V24,RR2,8.0,7.82,OK
2026-05-06,V01,F,2.2,2.21,OK
2026-05-06,V01,R,2.2,2.18,OK
2026-05-06,V02,F,2.2,2.09,OK
2026-05-06,V02,R,2.2,2.19,OK
2026-05-06,V03,F,2.2,2.21,OK
2026-05-06,V03,R,2.2,2.2,OK
2026-05-06,V04,F,2.2,2.23,OK
2026-05-06,V04,R,2.2,2.13,OK
2026-05-06,V05,F,2.2,2.22,OK
2026-05-06,V05,R,2.2,2.18,OK
2026-05-06,V06,F,2.2,2.24,OK
2026-05-06,V06,R,2.2,2.23,OK
2026-05-06,V07,F,2.2,2.17,OK
2026-05-06,V07,R,2.2,2.18,OK
2026-05-06,V08,F,2.2,2.13,OK
2026-05-06,V08,R,2.2,2.13,OK
2026-05-06,V09,F,2.2,2.22,OK
2026-05-06,V09,R,2.2,2.15,OK
2026-05-06,V10,F,2.2,2.2,OK
2026-05-06,V10,R,2.2,2.19,OK
2026-05-06,V11,F,2.2,2.14,OK
2026-05-06,V11,R,2.2,2.15,OK
2026-05-06,V12,F,2.2,2.2,OK
2026-05-06,V12,R,2.2,2.2,OK
2026-05-06,V13,F,2.2,2.24,OK
2026-05-06,V13,R,2.2,2.17,OK
2026-05-06,V14,F,2.2,2.19,OK
2026-05-06,V14,R,2.2,2.23,OK
2026-05-06,V15,FL,3.2,3.12,OK
2026-05-06,V15,FR,3.2,3.01,OK
2026-05-06,V15,RL,3.2,3.08,OK
2026-05-06,V15,RR,3.2,3.04,OK
2026-05-06,V16,FL,3.2,3.18,OK
2026-05-06,V16,FR,3.2,3.06,OK
2026-05-06,V16,RL,3.2,3.19,OK
2026-05-06,V16,RR,3.2,3.26,OK
2026-05-06,V17,FL,3.2,3.11,OK
2026-05-06,V17,FR,3.2,3.08,OK
2026-05-06,V17,RL,3.2,3.07,OK
2026-05-06,V17,RR,3.2,3.34,OK
2026-05-06,V18,FL,3.2,3.19,OK
2026-05-06,V18,FR,3.2,3.21,OK
2026-05-06,V18,RL,3.2,3.12,OK
2026-05-06,V18,RR,3.2,2.7,LOW
2026-05-06,V19,FL,3.2,3.19,OK
2026-05-06,V19,FR,3.2,3.11,OK
2026-05-06,V19,RL,3.2,3.09,OK
2026-05-06,V19,RR,3.2,3.12,OK
2026-05-06,V20,FL,3.2,3.23,OK
2026-05-06,V20,FR,3.2,3.1,OK
2026-05-06,V20,RL,3.2,3.05,OK
2026-05-06,V20,RR,3.2,3.22,OK
2026-05-06,V21,FL,8.0,7.99,OK
2026-05-06,V21,FR,8.0,7.79,OK
2026-05-06,V21,RL1,8.0,7.89,OK
2026-05-06,V21,RL2,8.0,7.99,OK
2026-05-06,V21,RR1,8.0,7.6,OK
2026-05-06,V21,RR2,8.0,8.17,OK
2026-05-06,V22,FL,8.0,7.77,OK
2026-05-06,V22,FR,8.0,7.8,OK
2026-05-06,V22,RL1,8.0,7.79,OK
2026-05-06,V22,RL2,8.0,7.99,OK
2026-05-06,V22,RR1,8.0,8.02,OK
2026-05-06,V22,RR2,8.0,8.03,OK
2026-05-06,V23,FL,8.0,7.94,OK
2026-05-06,V23,FR,8.0,7.81,OK
2026-05-06,V23,RL1,8.0,7.97,OK
2026-05-06,V23,RL2,8.0,8.06,OK
2026-05-06,V23,RR1,8.0,8.02,OK
2026-05-06,V23,RR2,8.0,8.26,OK
2026-05-06,V24,FL,8.0,7.81,OK
2026-05-06,V24,FR,8.0,7.85,OK
2026-05-06,V24,RL1,8.0,7.83,OK
2026-05-06,V24,RL2,8.0,7.77,OK
2026-05-06,V24,RR1,8.0,7.94,OK
2026-05-06,V24,RR2,8.0,7.59,OK
2026-05-13,V01,F,2.2,2.21,OK
2026-05-13,V01,R,2.2,2.14,OK
2026-05-13,V02,F,2.2,2.24,OK
2026-05-13,V02,R,2.2,2.16,OK
2026-05-13,V03,F,2.2,2.19,OK
2026-05-13,V03,R,2.2,2.09,OK
2026-05-13,V04,F,2.2,2.22,OK
2026-05-13,V04,R,2.2,2.25,OK
2026-05-13,V05,F,2.2,2.24,OK
2026-05-13,V05,R,2.2,2.09,OK
2026-05-13,V06,F,2.2,2.14,OK
2026-05-13,V06,R,2.2,2.17,OK
2026-05-13,V07,F,2.2,2.08,OK
2026-05-13,V07,R,2.2,2.12,OK
2026-05-13,V08,F,2.2,2.16,OK
2026-05-13,V08,R,2.2,2.21,OK
2026-05-13,V09,F,2.2,2.18,OK
2026-05-13,V09,R,2.2,2.18,OK
2026-05-13,V10,F,2.2,2.22,OK
2026-05-13,V10,R,2.2,2.14,OK
2026-05-13,V11,F,2.2,2.21,OK
2026-05-13,V11,R,2.2,2.15,OK
2026-05-13,V12,F,2.2,2.24,OK
2026-05-13,V12,R,2.2,2.17,OK
2026-05-13,V13,F,2.2,2.15,OK
2026-05-13,V13,R,2.2,2.14,OK
2026-05-13,V14,F,2.2,2.15,OK
2026-05-13,V14,R,2.2,2.22,OK
2026-05-13,V15,FL,3.2,3.21,OK
2026-05-13,V15,FR,3.2,3.21,OK
2026-05-13,V15,RL,3.2,3.07,OK
2026-05-13,V15,RR,3.2,3.29,OK
2026-05-13,V16,FL,3.2,3.32,OK
2026-05-13,V16,FR,3.2,3.08,OK
2026-05-13,V16,RL,3.2,3.18,OK
2026-05-13,V16,RR,3.2,3.24,OK
2026-05-13,V17,FL,3.2,3.14,OK
2026-05-13,V17,FR,3.2,3.14,OK
2026-05-13,V17,RL,3.2,3.26,OK
2026-05-13,V17,RR,3.2,3.1,OK
2026-05-13,V18,FL,3.2,3.26,OK
2026-05-13,V18,FR,3.2,3.13,OK
2026-05-13,V18,RL,3.2,3.27,OK
2026-05-13,V18,RR,3.2,3.07,OK
2026-05-13,V19,FL,3.2,3.1,OK
2026-05-13,V19,FR,3.2,3.09,OK
2026-05-13,V19,RL,3.2,3.2,OK
2026-05-13,V19,RR,3.2,3.22,OK
2026-05-13,V20,FL,3.2,3.08,OK
2026-05-13,V20,FR,3.2,3.21,OK
2026-05-13,V20,RL,3.2,3.08,OK
2026-05-13,V20,RR,3.2,3.17,OK
2026-05-13,V21,FL,8.0,8.06,OK
2026-05-13,V21,FR,8.0,7.9,OK
2026-05-13,V21,RL1,8.0,7.95,OK
2026-05-13,V21,RL2,8.0,8.02,OK
2026-05-13,V21,RR1,8.0,7.9,OK
2026-05-13,V21,RR2,8.0,8.08,OK
2026-05-13,V22,FL,8.0,6.64,LOW
2026-05-13,V22,FR,8.0,7.59,OK
2026-05-13,V22,RL1,8.0,7.96,OK
2026-05-13,V22,RL2,8.0,7.66,OK
2026-05-13,V22,RR1,8.0,8.0,OK
2026-05-13,V22,RR2,8.0,7.84,OK
2026-05-13,V23,FL,8.0,7.81,OK
2026-05-13,V23,FR,8.0,7.95,OK
2026-05-13,V23,RL1,8.0,7.59,OK
2026-05-13,V23,RL2,8.0,8.25,OK
2026-05-13,V23,RR1,8.0,7.97,OK
2026-05-13,V23,RR2,8.0,7.83,OK
2026-05-13,V24,FL,8.0,7.73,OK
2026-05-13,V24,FR,8.0,7.94,OK
2026-05-13,V24,RL1,8.0,7.96,OK
2026-05-13,V24,RL2,8.0,7.84,OK
2026-05-13,V24,RR1,8.0,8.08,OK
2026-05-13,V24,RR2,8.0,7.93,OK
2026-05-20,V01,F,2.2,2.18,OK
2026-05-20,V01,R,2.2,2.12,OK
2026-05-20,V02,F,2.2,2.16,OK
2026-05-20,V02,R,2.2,2.2,OK
2026-05-20,V03,F,2.2,1.94,LOW
2026-05-20,V03,R,2.2,2.27,OK
2026-05-20,V04,F,2.2,2.21,OK
2026-05-20,V04,R,2.2,1.84,LOW
2026-05-20,V05,F,2.2,2.24,OK
2026-05-20,V05,R,2.2,2.14,OK
2026-05-20,V06,F,2.2,2.12,OK
2026-05-20,V06,R,2.2,2.13,OK
2026-05-20,V07,F,2.2,2.21,OK
2026-05-20,V07,R,2.2,2.18,OK
2026-05-20,V08,F,2.2,2.17,OK
2026-05-20,V08,R,2.2,2.17,OK
2026-05-20,V09,F,2.2,2.17,OK
2026-05-20,V09,R,2.2,2.19,OK
2026-05-20,V10,F,2.2,2.2,OK
2026-05-20,V10,R,2.2,2.27,OK
2026-05-20,V11,F,2.2,2.16,OK
2026-05-20,V11,R,2.2,2.18,OK
2026-05-20,V12,F,2.2,2.27,OK
2026-05-20,V12,R,2.2,2.15,OK
2026-05-20,V13,F,2.2,2.22,OK
2026-05-20,V13,R,2.2,2.17,OK
2026-05-20,V14,F,2.2,2.12,OK
2026-05-20,V14,R,2.2,2.19,OK
2026-05-20,V15,FL,3.2,3.07,OK
2026-05-20,V15,FR,3.2,3.25,OK
2026-05-20,V15,RL,3.2,3.25,OK
2026-05-20,V15,RR,3.2,3.26,OK
2026-05-20,V16,FL,3.2,3.16,OK
2026-05-20,V16,FR,3.2,3.17,OK
2026-05-20,V16,RL,3.2,3.24,OK
2026-05-20,V16,RR,3.2,3.22,OK
2026-05-20,V17,FL,3.2,3.23,OK
2026-05-20,V17,FR,3.2,3.29,OK
2026-05-20,V17,RL,3.2,3.16,OK
2026-05-20,V17,RR,3.2,3.07,OK
2026-05-20,V18,FL,3.2,3.05,OK
2026-05-20,V18,FR,3.2,3.26,OK
2026-05-20,V18,RL,3.2,3.11,OK
2026-05-20,V18,RR,3.2,3.23,OK
2026-05-20,V19,FL,3.2,3.27,OK
2026-05-20,V19,FR,3.2,3.2,OK
2026-05-20,V19,RL,3.2,2.6,LOW
2026-05-20,V19,RR,3.2,3.17,OK
2026-05-20,V20,FL,3.2,3.21,OK
2026-05-20,V20,FR,3.2,3.14,OK
2026-05-20,V20,RL,3.2,3.18,OK
2026-05-20,V20,RR,3.2,3.04,OK
2026-05-20,V21,FL,8.0,8.08,OK
2026-05-20,V21,FR,8.0,7.73,OK
2026-05-20,V21,RL1,8.0,7.71,OK
2026-05-20,V21,RL2,8.0,8.05,OK
2026-05-20,V21,RR1,8.0,7.92,OK
2026-05-20,V21,RR2,8.0,8.05,OK
2026-05-20,V22,FL,8.0,7.99,OK
2026-05-20,V22,FR,8.0,7.99,OK
2026-05-20,V22,RL1,8.0,8.2,OK
2026-05-20,V22,RL2,8.0,8.07,OK
2026-05-20,V22,RR1,8.0,7.72,OK
2026-05-20,V22,RR2,8.0,7.96,OK
2026-05-20,V23,FL,8.0,7.8,OK
2026-05-20,V23,FR,8.0,7.7,OK
2026-05-20,V23,RL1,8.0,7.78,OK
2026-05-20,V23,RL2,8.0,7.74,OK
2026-05-20,V23,RR1,8.0,8.15,OK
2026-05-20,V23,RR2,8.0,7.82,OK
2026-05-20,V24,FL,8.0,7.6,OK
2026-05-20,V24,FR,8.0,7.51,OK
2026-05-20,V24,RL1,8.0,7.78,OK
2026-05-20,V24,RL2,8.0,7.68,OK
2026-05-20,V24,RR1,8.0,7.65,OK
2026-05-20,V24,RR2,8.0,8.1,OK
2026-05-27,V01,F,2.2,2.19,OK
2026-05-27,V01,R,2.2,2.2,OK
2026-05-27,V02,F,2.2,2.12,OK
2026-05-27,V02,R,2.2,2.21,OK
2026-05-27,V03,F,2.2,2.17,OK
2026-05-27,V03,R,2.2,2.2,OK
2026-05-27,V04,F,2.2,2.07,OK
2026-05-27,V04,R,2.2,2.15,OK
2026-05-27,V05,F,2.2,2.11,OK
2026-05-27,V05,R,2.2,2.23,OK
2026-05-27,V06,F,2.2,2.26,OK
2026-05-27,V06,R,2.2,2.19,OK
2026-05-27,V07,F,2.2,2.17,OK
2026-05-27,V07,R,2.2,2.21,OK
2026-05-27,V08,F,2.2,2.04,OK
2026-05-27,V08,R,2.2,2.14,OK
2026-05-27,V09,F,2.2,2.25,OK
2026-05-27,V09,R,2.2,2.2,OK
2026-05-27,V10,F,2.2,2.13,OK
2026-05-27,V10,R,2.2,2.16,OK
2026-05-27,V11,F,2.2,2.24,OK
2026-05-27,V11,R,2.2,2.2,OK
2026-05-27,V12,F,2.2,2.15,OK
2026-05-27,V12,R,2.2,2.21,OK
2026-05-27,V13,F,2.2,2.2,OK
2026-05-27,V13,R,2.2,2.16,OK
2026-05-27,V14,F,2.2,2.14,OK
2026-05-27,V14,R,2.2,2.13,OK
2026-05-27,V15,FL,3.2,3.11,OK
2026-05-27,V15,FR,3.2,3.27,OK
2026-05-27,V15,RL,3.2,3.28,OK
2026-05-27,V15,RR,3.2,3.19,OK
2026-05-27,V16,FL,3.2,3.01,OK
2026-05-27,V16,FR,3.2,3.17,OK
2026-05-27,V16,RL,3.2,3.23,OK
2026-05-27,V16,RR,3.2,3.11,OK
2026-05-27,V17,FL,3.2,3.17,OK
2026-05-27,V17,FR,3.2,3.28,OK
2026-05-27,V17,RL,3.2,3.13,OK
2026-05-27,V17,RR,3.2,3.15,OK
2026-05-27,V18,FL,3.2,3.13,OK
2026-05-27,V18,FR,3.2,3.13,OK
2026-05-27,V18,RL,3.2,3.18,OK
2026-05-27,V18,RR,3.2,3.08,OK
2026-05-27,V19,FL,3.2,3.28,OK
2026-05-27,V19,FR,3.2,3.22,OK
2026-05-27,V19,RL,3.2,3.08,OK
2026-05-27,V19,RR,3.2,3.24,OK
2026-05-27,V20,FL,3.2,3.27,OK
2026-05-27,V20,FR,3.2,3.13,OK
2026-05-27,V20,RL,3.2,3.1,OK
2026-05-27,V20,RR,3.2,3.28,OK
2026-05-27,V21,FL,8.0,7.95,OK
2026-05-27,V21,FR,8.0,7.94,OK
2026-05-27,V21,RL1,8.0,7.74,OK
2026-05-27,V21,RL2,8.0,7.63,OK
2026-05-27,V21,RR1,8.0,8.18,OK
2026-05-27,V21,RR2,8.0,8.07,OK
2026-05-27,V22,FL,8.0,7.74,OK
2026-05-27,V22,FR,8.0,7.7,OK
2026-05-27,V22,RL1,8.0,7.98,OK
2026-05-27,V22,RL2,8.0,7.96,OK
2026-05-27,V22,RR1,8.0,7.94,OK
2026-05-27,V22,RR2,8.0,8.13,OK
2026-05-27,V23,FL,8.0,7.88,OK
2026-05-27,V23,FR,8.0,8.18,OK
2026-05-27,V23,RL1,8.0,7.7,OK
2026-05-27,V23,RL2,8.0,8.09,OK
2026-05-27,V23,RR1,8.0,8.08,OK
2026-05-27,V23,RR2,8.0,7.91,OK
2026-05-27,V24,FL,8.0,7.76,OK
2026-05-27,V24,FR,8.0,7.99,OK
2026-05-27,V24,RL1,8.0,8.02,OK
2026-05-27,V24,RL2,8.0,8.12,OK
2026-05-27,V24,RR1,8.0,7.93,OK
2026-05-27,V24,RR2,8.0,8.01,OK
2026-06-03,V01,F,2.2,2.21,OK
2026-06-03,V01,R,2.2,2.21,OK
2026-06-03,V02,F,2.2,2.15,OK
2026-06-03,V02,R,2.2,2.14,OK
2026-06-03,V03,F,2.2,2.17,OK
2026-06-03,V03,R,2.2,2.19,OK
2026-06-03,V04,F,2.2,2.23,OK
2026-06-03,V04,R,2.2,2.21,OK
2026-06-03,V05,F,2.2,2.16,OK
2026-06-03,V05,R,2.2,2.21,OK
2026-06-03,V06,F,2.2,2.22,OK
2026-06-03,V06,R,2.2,2.18,OK
2026-06-03,V07,F,2.2,2.23,OK
2026-06-03,V07,R,2.2,2.17,OK
2026-06-03,V08,F,2.2,2.12,OK
2026-06-03,V08,R,2.2,2.15,OK
2026-06-03,V09,F,2.2,2.09,OK
2026-06-03,V09,R,2.2,2.26,OK
2026-06-03,V10,F,2.2,2.2,OK
2026-06-03,V10,R,2.2,2.27,OK
2026-06-03,V11,F,2.2,2.12,OK
2026-06-03,V11,R,2.2,2.2,OK
2026-06-03,V12,F,2.2,2.15,OK
2026-06-03,V12,R,2.2,2.21,OK
2026-06-03,V13,F,2.2,2.17,OK
2026-06-03,V13,R,2.2,2.12,OK
2026-06-03,V14,F,2.2,2.2,OK
2026-06-03,V14,R,2.2,2.18,OK
2026-06-03,V15,FL,3.2,3.28,OK
2026-06-03,V15,FR,3.2,3.11,OK
2026-06-03,V15,RL,3.2,3.2,OK
2026-06-03,V15,RR,3.2,3.24,OK
2026-06-03,V16,FL,3.2,3.13,OK
2026-06-03,V16,FR,3.2,3.01,OK
2026-06-03,V16,RL,3.2,3.11,OK
2026-06-03,V16,RR,3.2,3.15,OK
2026-06-03,V17,FL,3.2,3.09,OK
2026-06-03,V17,FR,3.2,3.26,OK
2026-06-03,V17,RL,3.2,3.23,OK
2026-06-03,V17,RR,3.2,3.26,OK
2026-06-03,V18,FL,3.2,3.17,OK
2026-06-03,V18,FR,3.2,3.17,OK
2026-06-03,V18,RL,3.2,3.28,OK
2026-06-03,V18,RR,3.2,3.16,OK
2026-06-03,V19,FL,3.2,3.23,OK
2026-06-03,V19,FR,3.2,3.2,OK
2026-06-03,V19,RL,3.2,3.25,OK
2026-06-03,V19,RR,3.2,3.18,OK
2026-06-03,V20,FL,3.2,3.24,OK
2026-06-03,V20,FR,3.2,3.3,OK
2026-06-03,V20,RL,3.2,3.09,OK
2026-06-03,V20,RR,3.2,3.13,OK
2026-06-03,V21,FL,8.0,7.81,OK
2026-06-03,V21,FR,8.0,7.84,OK
2026-06-03,V21,RL1,8.0,7.74,OK
2026-06-03,V21,RL2,8.0,7.87,OK
2026-06-03,V21,RR1,8.0,8.11,OK
2026-06-03,V21,RR2,8.0,8.09,OK
2026-06-03,V22,FL,8.0,8.0,OK
2026-06-03,V22,FR,8.0,7.66,OK
2026-06-03,V22,RL1,8.0,8.24,OK
2026-06-03,V22,RL2,8.0,8.04,OK
2026-06-03,V22,RR1,8.0,8.26,OK
2026-06-03,V22,RR2,8.0,7.98,OK
2026-06-03,V23,FL,8.0,7.66,OK
2026-06-03,V23,FR,8.0,8.07,OK
2026-06-03,V23,RL1,8.0,7.52,OK
2026-06-03,V23,RL2,8.0,7.76,OK
2026-06-03,V23,RR1,8.0,7.74,OK
2026-06-03,V23,RR2,8.0,7.65,OK
2026-06-03,V24,FL,8.0,7.91,OK
2026-06-03,V24,FR,8.0,7.93,OK
2026-06-03,V24,RL1,8.0,7.99,OK
2026-06-03,V24,RL2,8.0,7.75,OK
2026-06-03,V24,RR1,8.0,7.66,OK
2026-06-03,V24,RR2,8.0,7.79,OK
2026-06-10,V01,F,2.2,2.2,OK
2026-06-10,V01,R,2.2,2.17,OK
2026-06-10,V02,F,2.2,2.14,OK
2026-06-10,V02,R,2.2,2.18,OK
2026-06-10,V03,F,2.2,2.21,OK
2026-06-10,V03,R,2.2,2.22,OK
2026-06-10,V04,F,2.2,2.11,OK
2026-06-10,V04,R,2.2,2.15,OK
2026-06-10,V05,F,2.2,2.22,OK
2026-06-10,V05,R,2.2,2.16,OK
2026-06-10,V06,F,2.2,2.18,OK
2026-06-10,V06,R,2.2,2.15,OK
2026-06-10,V07,F,2.2,2.18,OK
2026-06-10,V07,R,2.2,2.08,OK
2026-06-10,V08,F,2.2,2.27,OK
2026-06-10,V08,R,2.2,2.16,OK
2026-06-10,V09,F,2.2,2.2,OK
2026-06-10,V09,R,2.2,2.15,OK
2026-06-10,V10,F,2.2,2.1,OK
2026-06-10,V10,R,2.2,2.19,OK
2026-06-10,V11,F,2.2,2.22,OK
2026-06-10,V11,R,2.2,2.19,OK
2026-06-10,V12,F,2.2,2.14,OK
2026-06-10,V12,R,2.2,2.17,OK
2026-06-10,V13,F,2.2,2.21,OK
2026-06-10,V13,R,2.2,2.16,OK
2026-06-10,V14,F,2.2,2.22,OK
2026-06-10,V14,R,2.2,2.17,OK
2026-06-10,V15,FL,3.2,3.19,OK
2026-06-10,V15,FR,3.2,3.16,OK
2026-06-10,V15,RL,3.2,3.17,OK
2026-06-10,V15,RR,3.2,3.11,OK
2026-06-10,V16,FL,3.2,3.11,OK
2026-06-10,V16,FR,3.2,3.17,OK
2026-06-10,V16,RL,3.2,3.19,OK
2026-06-10,V16,RR,3.2,3.16,OK
2026-06-10,V17,FL,3.2,3.22,OK
2026-06-10,V17,FR,3.2,3.29,OK
2026-06-10,V17,RL,3.2,3.11,OK
2026-06-10,V17,RR,3.2,3.22,OK
2026-06-10,V18,FL,3.2,3.11,OK
2026-06-10,V18,FR,3.2,3.08,OK
2026-06-10,V18,RL,3.2,3.15,OK
2026-06-10,V18,RR,3.2,3.14,OK
2026-06-10,V19,FL,3.2,3.13,OK
2026-06-10,V19,FR,3.2,3.26,OK
2026-06-10,V19,RL,3.2,3.14,OK
2026-06-10,V19,RR,3.2,3.14,OK
2026-06-10,V20,FL,3.2,3.14,OK
2026-06-10,V20,FR,3.2,3.18,OK
2026-06-10,V20,RL,3.2,3.26,OK
2026-06-10,V20,RR,3.2,3.14,OK
2026-06-10,V21,FL,8.0,7.76,OK
2026-06-10,V21,FR,8.0,7.89,OK
2026-06-10,V21,RL1,8.0,7.86,OK
2026-06-10,V21,RL2,8.0,8.08,OK
2026-06-10,V21,RR1,8.0,7.99,OK
2026-06-10,V21,RR2,8.0,7.96,OK
2026-06-10,V22,FL,8.0,7.98,OK
2026-06-10,V22,FR,8.0,8.23,OK
2026-06-10,V22,RL1,8.0,7.78,OK
2026-06-10,V22,RL2,8.0,7.7,OK
2026-06-10,V22,RR1,8.0,7.89,OK
2026-06-10,V22,RR2,8.0,8.05,OK
2026-06-10,V23,FL,8.0,8.03,OK
2026-06-10,V23,FR,8.0,7.88,OK
2026-06-10,V23,RL1,8.0,8.03,OK
2026-06-10,V23,RL2,8.0,8.09,OK
2026-06-10,V23,RR1,8.0,7.93,OK
2026-06-10,V23,RR2,8.0,7.77,OK
2026-06-10,V24,FL,8.0,7.69,OK
2026-06-10,V24,FR,8.0,8.12,OK
2026-06-10,V24,RL1,8.0,8.07,OK
2026-06-10,V24,RL2,8.0,8.02,OK
2026-06-10,V24,RR1,8.0,8.02,OK
2026-06-10,V24,RR2,8.0,7.9,OK
2026-06-17,V01,F,2.2,2.15,OK
2026-06-17,V01,R,2.2,2.15,OK
2026-06-17,V02,F,2.2,2.19,OK
2026-06-17,V02,R,2.2,2.27,OK
2026-06-17,V03,F,2.2,2.2,OK
2026-06-17,V03,R,2.2,2.21,OK
2026-06-17,V04,F,2.2,2.2,OK
2026-06-17,V04,R,2.2,2.2,OK
2026-06-17,V05,F,2.2,2.16,OK
2026-06-17,V05,R,2.2,2.19,OK
2026-06-17,V06,F,2.2,2.09,OK
2026-06-17,V06,R,2.2,2.24,OK
2026-06-17,V07,F,2.2,2.15,OK
2026-06-17,V07,R,2.2,2.1,OK
2026-06-17,V08,F,2.2,2.16,OK
2026-06-17,V08,R,2.2,2.2,OK
2026-06-17,V09,F,2.2,2.11,OK
2026-06-17,V09,R,2.2,2.17,OK
2026-06-17,V10,F,2.2,2.21,OK
2026-06-17,V10,R,2.2,2.22,OK
2026-06-17,V11,F,2.2,2.21,OK
2026-06-17,V11,R,2.2,2.14,OK
2026-06-17,V12,F,2.2,2.11,OK
2026-06-17,V12,R,2.2,2.13,OK
2026-06-17,V13,F,2.2,2.19,OK
2026-06-17,V13,R,2.2,2.13,OK
2026-06-17,V14,F,2.2,2.19,OK
2026-06-17,V14,R,2.2,2.2,OK
2026-06-17,V15,FL,3.2,3.25,OK
2026-06-17,V15,FR,3.2,3.18,OK
2026-06-17,V15,RL,3.2,3.14,OK
2026-06-17,V15,RR,3.2,3.21,OK
2026-06-17,V16,FL,3.2,3.22,OK
2026-06-17,V16,FR,3.2,3.17,OK
2026-06-17,V16,RL,3.2,3.33,OK
2026-06-17,V16,RR,3.2,3.15,OK
2026-06-17,V17,FL,3.2,3.12,OK
2026-06-17,V17,FR,3.2,3.21,OK
2026-06-17,V17,RL,3.2,3.09,OK
2026-06-17,V17,RR,3.2,3.29,OK
2026-06-17,V18,FL,3.2,3.14,OK
2026-06-17,V18,FR,3.2,3.23,OK
2026-06-17,V18,RL,3.2,3.07,OK
2026-06-17,V18,RR,3.2,3.06,OK
2026-06-17,V19,FL,3.2,3.16,OK
2026-06-17,V19,FR,3.2,3.17,OK
2026-06-17,V19,RL,3.2,3.22,OK
2026-06-17,V19,RR,3.2,3.09,OK
2026-06-17,V20,FL,3.2,3.26,OK
2026-06-17,V20,FR,3.2,3.15,OK
2026-06-17,V20,RL,3.2,3.06,OK
2026-06-17,V20,RR,3.2,3.15,OK
2026-06-17,V21,FL,8.0,7.86,OK
2026-06-17,V21,FR,8.0,7.58,OK
2026-06-17,V21,RL1,8.0,7.93,OK
2026-06-17,V21,RL2,8.0,8.07,OK
2026-06-17,V21,RR1,8.0,7.81,OK
2026-06-17,V21,RR2,8.0,8.2,OK
2026-06-17,V22,FL,8.0,7.91,OK
2026-06-17,V22,FR,8.0,7.66,OK
2026-06-17,V22,RL1,8.0,7.98,OK
2026-06-17,V22,RL2,8.0,8.05,OK
2026-06-17,V22,RR1,8.0,7.86,OK
2026-06-17,V22,RR2,8.0,7.86,OK
2026-06-17,V23,FL,8.0,7.93,OK
2026-06-17,V23,FR,8.0,7.87,OK
2026-06-17,V23,RL1,8.0,7.87,OK
2026-06-17,V23,RL2,8.0,7.74,OK
2026-06-17,V23,RR1,8.0,7.8,OK
2026-06-17,V23,RR2,8.0,7.68,OK
2026-06-17,V24,FL,8.0,7.68,OK
2026-06-17,V24,FR,8.0,7.9,OK
2026-06-17,V24,RL1,8.0,8.07,OK
2026-06-17,V24,RL2,8.0,7.92,OK
2026-06-17,V24,RR1,8.0,8.02,OK
2026-06-17,V24,RR2,8.0,8.01,OK
2026-06-24,V01,F,2.2,2.16,OK
2026-06-24,V01,R,2.2,2.21,OK
2026-06-24,V02,F,2.2,2.19,OK
2026-06-24,V02,R,2.2,2.18,OK
2026-06-24,V03,F,2.2,2.19,OK
2026-06-24,V03,R,2.2,2.19,OK
2026-06-24,V04,F,2.2,2.16,OK
2026-06-24,V04,R,2.2,2.16,OK
2026-06-24,V05,F,2.2,2.18,OK
2026-06-24,V05,R,2.2,2.18,OK
2026-06-24,V06,F,2.2,2.19,OK
2026-06-24,V06,R,2.2,2.25,OK
2026-06-24,V07,F,2.2,2.21,OK
2026-06-24,V07,R,2.2,2.21,OK
2026-06-24,V08,F,2.2,2.19,OK
2026-06-24,V08,R,2.2,2.19,OK
2026-06-24,V09,F,2.2,2.1,OK
2026-06-24,V09,R,2.2,2.17,OK
2026-06-24,V10,F,2.2,2.17,OK
2026-06-24,V10,R,2.2,2.18,OK
2026-06-24,V11,F,2.2,2.24,OK
2026-06-24,V11,R,2.2,2.14,OK
2026-06-24,V12,F,2.2,2.22,OK
2026-06-24,V12,R,2.2,2.21,OK
2026-06-24,V13,F,2.2,2.14,OK
2026-06-24,V13,R,2.2,2.23,OK
2026-06-24,V14,F,2.2,2.18,OK
2026-06-24,V14,R,2.2,2.19,OK
2026-06-24,V15,FL,3.2,3.25,OK
2026-06-24,V15,FR,3.2,3.13,OK
2026-06-24,V15,RL,3.2,3.08,OK
2026-06-24,V15,RR,3.2,3.23,OK
2026-06-24,V16,FL,3.2,3.07,OK
2026-06-24,V16,FR,3.2,3.06,OK
2026-06-24,V16,RL,3.2,3.17,OK
2026-06-24,V16,RR,3.2,3.18,OK
2026-06-24,V17,FL,3.2,3.15,OK
2026-06-24,V17,FR,3.2,3.19,OK
2026-06-24,V17,RL,3.2,3.15,OK
2026-06-24,V17,RR,3.2,3.14,OK
2026-06-24,V18,FL,3.2,3.23,OK
2026-06-24,V18,FR,3.2,3.23,OK
2026-06-24,V18,RL,3.2,3.23,OK
2026-06-24,V18,RR,3.2,3.02,OK
2026-06-24,V19,FL,3.2,3.27,OK
2026-06-24,V19,FR,3.2,3.11,OK
2026-06-24,V19,RL,3.2,3.22,OK
2026-06-24,V19,RR,3.2,3.2,OK
2026-06-24,V20,FL,3.2,3.14,OK
2026-06-24,V20,FR,3.2,3.16,OK
2026-06-24,V20,RL,3.2,3.32,OK
2026-06-24,V20,RR,3.2,3.13,OK
2026-06-24,V21,FL,8.0,7.91,OK
2026-06-24,V21,FR,8.0,7.72,OK
2026-06-24,V21,RL1,8.0,7.94,OK
2026-06-24,V21,RL2,8.0,7.95,OK
2026-06-24,V21,RR1,8.0,8.0,OK
2026-06-24,V21,RR2,8.0,7.99,OK
2026-06-24,V22,FL,8.0,8.08,OK
2026-06-24,V22,FR,8.0,7.93,OK
2026-06-24,V22,RL1,8.0,7.87,OK
2026-06-24,V22,RL2,8.0,7.91,OK
2026-06-24,V22,RR1,8.0,7.75,OK
2026-06-24,V22,RR2,8.0,8.2,OK
2026-06-24,V23,FL,8.0,7.78,OK
2026-06-24,V23,FR,8.0,7.83,OK
2026-06-24,V23,RL1,8.0,7.83,OK
2026-06-24,V23,RL2,8.0,7.89,OK
2026-06-24,V23,RR1,8.0,7.8,OK
2026-06-24,V23,RR2,8.0,7.9,OK
2026-06-24,V24,FL,8.0,8.05,OK
2026-06-24,V24,FR,8.0,8.02,OK
2026-06-24,V24,RL1,8.0,7.82,OK
2026-06-24,V24,RL2,8.0,7.96,OK
2026-06-24,V24,RR1,8.0,8.02,OK
2026-06-24,V24,RR2,8.0,8.06,OK
2026-07-01,V01,F,2.2,2.2,OK
2026-07-01,V01,R,2.2,2.17,OK
2026-07-01,V02,F,2.2,2.19,OK
2026-07-01,V02,R,2.2,2.18,OK
2026-07-01,V03,F,2.2,2.21,OK
2026-07-01,V03,R,2.2,2.15,OK
2026-07-01,V04,F,2.2,2.16,OK
2026-07-01,V04,R,2.2,2.18,OK
2026-07-01,V05,F,2.2,2.3,OK
2026-07-01,V05,R,2.2,2.15,OK
2026-07-01,V06,F,2.2,2.14,OK
2026-07-01,V06,R,2.2,2.2,OK
2026-07-01,V07,F,2.2,2.16,OK
2026-07-01,V07,R,2.2,2.16,OK
2026-07-01,V08,F,2.2,2.24,OK
2026-07-01,V08,R,2.2,2.25,OK
2026-07-01,V09,F,2.2,2.18,OK
2026-07-01,V09,R,2.2,2.14,OK
2026-07-01,V10,F,2.2,2.11,OK
2026-07-01,V10,R,2.2,2.18,OK
2026-07-01,V11,F,2.2,2.18,OK
2026-07-01,V11,R,2.2,2.17,OK
2026-07-01,V12,F,2.2,2.13,OK
2026-07-01,V12,R,2.2,2.2,OK
2026-07-01,V13,F,2.2,2.2,OK
2026-07-01,V13,R,2.2,2.2,OK
2026-07-01,V14,F,2.2,2.19,OK
2026-07-01,V14,R,2.2,2.28,OK
2026-07-01,V15,FL,3.2,3.24,OK
2026-07-01,V15,FR,3.2,3.2,OK
2026-07-01,V15,RL,3.2,3.32,OK
2026-07-01,V15,RR,3.2,3.23,OK
2026-07-01,V16,FL,3.2,3.12,OK
2026-07-01,V16,FR,3.2,3.13,OK
2026-07-01,V16,RL,3.2,3.25,OK
2026-07-01,V16,RR,3.2,3.12,OK
2026-07-01,V17,FL,3.2,3.05,OK
2026-07-01,V17,FR,3.2,3.1,OK
2026-07-01,V17,RL,3.2,3.19,OK
2026-07-01,V17,RR,3.2,3.19,OK
2026-07-01,V18,FL,3.2,3.19,OK
2026-07-01,V18,FR,3.2,3.05,OK
2026-07-01,V18,RL,3.2,3.18,OK
2026-07-01,V18,RR,3.2,3.16,OK
2026-07-01,V19,FL,3.2,3.2,OK
2026-07-01,V19,FR,3.2,3.15,OK
2026-07-01,V19,RL,3.2,3.16,OK
2026-07-01,V19,RR,3.2,3.19,OK
2026-07-01,V20,FL,3.2,3.1,OK
2026-07-01,V20,FR,3.2,3.12,OK
2026-07-01,V20,RL,3.2,3.23,OK
2026-07-01,V20,RR,3.2,3.17,OK
2026-07-01,V21,FL,8.0,7.72,OK
2026-07-01,V21,FR,8.0,8.0,OK
2026-07-01,V21,RL1,8.0,7.84,OK
2026-07-01,V21,RL2,8.0,7.68,OK
2026-07-01,V21,RR1,8.0,8.06,OK
2026-07-01,V21,RR2,8.0,7.99,OK
2026-07-01,V22,FL,8.0,7.88,OK
2026-07-01,V22,FR,8.0,7.91,OK
2026-07-01,V22,RL1,8.0,7.67,OK
2026-07-01,V22,RL2,8.0,8.05,OK
2026-07-01,V22,RR1,8.0,8.16,OK
2026-07-01,V22,RR2,8.0,8.34,OK
2026-07-01,V23,FL,8.0,7.92,OK
2026-07-01,V23,FR,8.0,7.86,OK
2026-07-01,V23,RL1,8.0,8.0,OK
2026-07-01,V23,RL2,8.0,7.78,OK
2026-07-01,V23,RR1,8.0,7.93,OK
2026-07-01,V23,RR2,8.0,8.02,OK
2026-07-01,V24,FL,8.0,7.93,OK
2026-07-01,V24,FR,8.0,7.85,OK
2026-07-01,V24,RL1,8.0,7.53,OK
2026-07-01,V24,RL2,8.0,7.73,OK
2026-07-01,V24,RR1,8.0,7.92,OK
2026-07-01,V24,RR2,8.0,7.95,OK
2026-07-08,V01,F,2.2,2.26,OK
2026-07-08,V01,R,2.2,2.17,OK
2026-07-08,V02,F,2.2,2.15,OK
2026-07-08,V02,R,2.2,2.26,OK
2026-07-08,V03,F,2.2,2.22,OK
2026-07-08,V03,R,2.2,2.17,OK
2026-07-08,V04,F,2.2,2.1,OK
2026-07-08,V04,R,2.2,2.12,OK
2026-07-08,V05,F,2.2,2.2,OK
2026-07-08,V05,R,2.2,2.2,OK
2026-07-08,V06,F,2.2,2.14,OK
2026-07-08,V06,R,2.2,2.22,OK
2026-07-08,V07,F,2.2,2.19,OK
2026-07-08,V07,R,2.2,2.19,OK
2026-07-08,V08,F,2.2,2.15,OK
2026-07-08,V08,R,2.2,2.22,OK
2026-07-08,V09,F,2.2,2.21,OK
2026-07-08,V09,R,2.2,2.16,OK
2026-07-08,V10,F,2.2,2.17,OK
2026-07-08,V10,R,2.2,2.18,OK
2026-07-08,V11,F,2.2,2.23,OK
2026-07-08,V11,R,2.2,2.24,OK
2026-07-08,V12,F,2.2,2.18,OK
2026-07-08,V12,R,2.2,2.1,OK
2026-07-08,V13,F,2.2,2.19,OK
2026-07-08,V13,R,2.2,2.15,OK
2026-07-08,V14,F,2.2,2.18,OK
2026-07-08,V14,R,2.2,2.22,OK
2026-07-08,V15,FL,3.2,3.23,OK
2026-07-08,V15,FR,3.2,3.23,OK
2026-07-08,V15,RL,3.2,3.23,OK
2026-07-08,V15,RR,3.2,3.21,OK
2026-07-08,V16,FL,3.2,3.18,OK
2026-07-08,V16,FR,3.2,3.09,OK
2026-07-08,V16,RL,3.2,3.18,OK
2026-07-08,V16,RR,3.2,3.12,OK
2026-07-08,V17,FL,3.2,3.23,OK
2026-07-08,V17,FR,3.2,3.13,OK
2026-07-08,V17,RL,3.2,3.22,OK
2026-07-08,V17,RR,3.2,3.21,OK
2026-07-08,V18,FL,3.2,3.16,OK
2026-07-08,V18,FR,3.2,3.22,OK
2026-07-08,V18,RL,3.2,3.04,OK
2026-07-08,V18,RR,3.2,3.19,OK
2026-07-08,V19,FL,3.2,3.11,OK
2026-07-08,V19,FR,3.2,3.27,OK
2026-07-08,V19,RL,3.2,3.13,OK
2026-07-08,V19,RR,3.2,3.11,OK
2026-07-08,V20,FL,3.2,3.15,OK
2026-07-08,V20,FR,3.2,3.15,OK
2026-07-08,V20,RL,3.2,3.21,OK
2026-07-08,V20,RR,3.2,3.18,OK
2026-07-08,V21,FL,8.0,7.77,OK
2026-07-08,V21,FR,8.0,7.98,OK
2026-07-08,V21,RL1,8.0,7.82,OK
2026-07-08,V21,RL2,8.0,8.04,OK
2026-07-08,V21,RR1,8.0,7.99,OK
2026-07-08,V21,RR2,8.0,7.75,OK
2026-07-08,V22,FL,8.0,8.0,OK
2026-07-08,V22,FR,8.0,8.04,OK
2026-07-08,V22,RL1,8.0,7.82,OK
2026-07-08,V22,RL2,8.0,7.72,OK
2026-07-08,V22,RR1,8.0,7.78,OK
2026-07-08,V22,RR2,8.0,7.77,OK
2026-07-08,V23,FL,8.0,7.84,OK
2026-07-08,V23,FR,8.0,7.95,OK
2026-07-08,V23,RL1,8.0,7.76,OK
2026-07-08,V23,RL2,8.0,8.01,OK
2026-07-08,V23,RR1,8.0,7.79,OK
2026-07-08,V23,RR2,8.0,7.98,OK
2026-07-08,V24,FL,8.0,8.0,OK
2026-07-08,V24,FR,8.0,7.9,OK
2026-07-08,V24,RL1,8.0,8.21,OK
2026-07-08,V24,RL2,8.0,7.81,OK
2026-07-08,V24,RR1,8.0,7.85,OK
2026-07-08,V24,RR2,8.0,8.02,OK
2026-07-15,V01,F,2.2,2.25,OK
2026-07-15,V01,R,2.2,2.21,OK
2026-07-15,V02,F,2.2,2.17,OK
2026-07-15,V02,R,2.2,2.23,OK
2026-07-15,V03,F,2.2,2.14,OK
2026-07-15,V03,R,2.2,2.22,OK
2026-07-15,V04,F,2.2,2.18,OK
2026-07-15,V04,R,2.2,2.17,OK
2026-07-15,V05,F,2.2,2.21,OK
2026-07-15,V05,R,2.2,2.17,OK
2026-07-15,V06,F,2.2,2.09,OK
2026-07-15,V06,R,2.2,2.09,OK
2026-07-15,V07,F,2.2,2.23,OK
2026-07-15,V07,R,2.2,2.15,OK
2026-07-15,V08,F,2.2,2.18,OK
2026-07-15,V08,R,2.2,2.18,OK
2026-07-15,V09,F,2.2,2.14,OK
2026-07-15,V09,R,2.2,2.16,OK
2026-07-15,V10,F,2.2,2.16,OK
2026-07-15,V10,R,2.2,2.25,OK
2026-07-15,V11,F,2.2,2.16,OK
2026-07-15,V11,R,2.2,2.2,OK
2026-07-15,V12,F,2.2,2.19,OK
2026-07-15,V12,R,2.2,2.16,OK
2026-07-15,V13,F,2.2,2.19,OK
2026-07-15,V13,R,2.2,2.18,OK
2026-07-15,V14,F,2.2,2.2,OK
2026-07-15,V14,R,2.2,2.21,OK
2026-07-15,V15,FL,3.2,3.17,OK
2026-07-15,V15,FR,3.2,3.17,OK
2026-07-15,V15,RL,3.2,3.18,OK
2026-07-15,V15,RR,3.2,3.27,OK
2026-07-15,V16,FL,3.2,3.24,OK
2026-07-15,V16,FR,3.2,3.01,OK
2026-07-15,V16,RL,3.2,3.13,OK
2026-07-15,V16,RR,3.2,3.16,OK
2026-07-15,V17,FL,3.2,3.14,OK
2026-07-15,V17,FR,3.2,3.24,OK
2026-07-15,V17,RL,3.2,3.17,OK
2026-07-15,V17,RR,3.2,3.18,OK
2026-07-15,V18,FL,3.2,3.23,OK
2026-07-15,V18,FR,3.2,3.07,OK
2026-07-15,V18,RL,3.2,3.11,OK
2026-07-15,V18,RR,3.2,3.18,OK
2026-07-15,V19,FL,3.2,3.16,OK
2026-07-15,V19,FR,3.2,3.21,OK
2026-07-15,V19,RL,3.2,3.11,OK
2026-07-15,V19,RR,3.2,3.14,OK
2026-07-15,V20,FL,3.2,3.05,OK
2026-07-15,V20,FR,3.2,3.26,OK
2026-07-15,V20,RL,3.2,3.15,OK
2026-07-15,V20,RR,3.2,3.07,OK
2026-07-15,V21,FL,8.0,8.21,OK
2026-07-15,V21,FR,8.0,7.72,OK
2026-07-15,V21,RL1,8.0,8.06,OK
2026-07-15,V21,RL2,8.0,6.91,LOW
2026-07-15,V21,RR1,8.0,7.74,OK
2026-07-15,V21,RR2,8.0,7.94,OK
2026-07-15,V22,FL,8.0,7.86,OK
2026-07-15,V22,FR,8.0,7.7,OK
2026-07-15,V22,RL1,8.0,7.92,OK
2026-07-15,V22,RL2,8.0,8.2,OK
2026-07-15,V22,RR1,8.0,7.93,OK
2026-07-15,V22,RR2,8.0,8.03,OK
2026-07-15,V23,FL,8.0,7.91,OK
2026-07-15,V23,FR,8.0,7.9,OK
2026-07-15,V23,RL1,8.0,7.94,OK
2026-07-15,V23,RL2,8.0,7.86,OK
2026-07-15,V23,RR1,8.0,7.74,OK
2026-07-15,V23,RR2,8.0,7.78,OK
2026-07-15,V24,FL,8.0,7.87,OK
2026-07-15,V24,FR,8.0,7.95,OK
2026-07-15,V24,RL1,8.0,7.9,OK
2026-07-15,V24,RL2,8.0,7.88,OK
2026-07-15,V24,RR1,8.0,7.96,OK
2026-07-15,V24,RR2,8.0,8.1,OK
2026-07-22,V01,F,2.2,2.16,OK
2026-07-22,V01,R,2.2,2.11,OK
2026-07-22,V02,F,2.2,2.19,OK
2026-07-22,V02,R,2.2,2.15,OK
2026-07-22,V03,F,2.2,2.13,OK
2026-07-22,V03,R,2.2,2.11,OK
2026-07-22,V04,F,2.2,2.19,OK
2026-07-22,V04,R,2.2,2.16,OK
2026-07-22,V05,F,2.2,2.15,OK
2026-07-22,V05,R,2.2,2.23,OK
2026-07-22,V06,F,2.2,2.18,OK
2026-07-22,V06,R,2.2,2.15,OK
2026-07-22,V07,F,2.2,2.08,OK
2026-07-22,V07,R,2.2,2.23,OK
2026-07-22,V08,F,2.2,2.16,OK
2026-07-22,V08,R,2.2,2.21,OK
2026-07-22,V09,F,2.2,2.09,OK
2026-07-22,V09,R,2.2,2.12,OK
2026-07-22,V10,F,2.2,2.26,OK
2026-07-22,V10,R,2.2,2.23,OK
2026-07-22,V11,F,2.2,2.15,OK
2026-07-22,V11,R,2.2,2.15,OK
2026-07-22,V12,F,2.2,2.27,OK
2026-07-22,V12,R,2.2,2.1,OK
2026-07-22,V13,F,2.2,2.26,OK
2026-07-22,V13,R,2.2,2.21,OK
2026-07-22,V14,F,2.2,2.14,OK
2026-07-22,V14,R,2.2,2.13,OK
2026-07-22,V15,FL,3.2,3.25,OK
2026-07-22,V15,FR,3.2,3.16,OK
2026-07-22,V15,RL,3.2,3.18,OK
2026-07-22,V15,RR,3.2,3.31,OK
2026-07-22,V16,FL,3.2,3.16,OK
2026-07-22,V16,FR,3.2,3.12,OK
2026-07-22,V16,RL,3.2,3.06,OK
2026-07-22,V16,RR,3.2,3.31,OK
2026-07-22,V17,FL,3.2,3.15,OK
2026-07-22,V17,FR,3.2,3.23,OK
2026-07-22,V17,RL,3.2,3.11,OK
2026-07-22,V17,RR,3.2,3.26,OK
2026-07-22,V18,FL,3.2,3.24,OK
2026-07-22,V18,FR,3.2,3.14,OK
2026-07-22,V18,RL,3.2,3.23,OK
2026-07-22,V18,RR,3.2,3.09,OK
2026-07-22,V19,FL,3.2,3.3,OK
2026-07-22,V19,FR,3.2,3.11,OK
2026-07-22,V19,RL,3.2,3.15,OK
2026-07-22,V19,RR,3.2,3.08,OK
2026-07-22,V20,FL,3.2,3.14,OK
2026-07-22,V20,FR,3.2,3.09,OK
2026-07-22,V20,RL,3.2,3.11,OK
2026-07-22,V20,RR,3.2,3.14,OK
2026-07-22,V21,FL,8.0,7.98,OK
2026-07-22,V21,FR,8.0,7.94,OK
2026-07-22,V21,RL1,8.0,7.74,OK
2026-07-22,V21,RL2,8.0,7.96,OK
2026-07-22,V21,RR1,8.0,7.75,OK
2026-07-22,V21,RR2,8.0,7.97,OK
2026-07-22,V22,FL,8.0,8.04,OK
2026-07-22,V22,FR,8.0,7.76,OK
2026-07-22,V22,RL1,8.0,7.82,OK
2026-07-22,V22,RL2,8.0,7.87,OK
2026-07-22,V22,RR1,8.0,7.45,OK
2026-07-22,V22,RR2,8.0,7.9,OK
2026-07-22,V23,FL,8.0,7.9,OK
2026-07-22,V23,FR,8.0,7.82,OK
2026-07-22,V23,RL1,8.0,7.84,OK
2026-07-22,V23,RL2,8.0,7.95,OK
2026-07-22,V23,RR1,8.0,8.1,OK
2026-07-22,V23,RR2,8.0,7.94,OK
2026-07-22,V24,FL,8.0,7.83,OK
2026-07-22,V24,FR,8.0,8.12,OK
2026-07-22,V24,RL1,8.0,8.2,OK
2026-07-22,V24,RL2,8.0,7.85,OK
2026-07-22,V24,RR1,8.0,8.17,OK
2026-07-22,V24,RR2,8.0,6.89,LOW
2026-07-29,V01,F,2.2,2.14,OK
2026-07-29,V01,R,2.2,2.16,OK
2026-07-29,V02,F,2.2,2.17,OK
2026-07-29,V02,R,2.2,2.15,OK
2026-07-29,V03,F,2.2,2.2,OK
2026-07-29,V03,R,2.2,2.17,OK
2026-07-29,V04,F,2.2,2.13,OK
2026-07-29,V04,R,2.2,2.12,OK
2026-07-29,V05,F,2.2,2.16,OK
2026-07-29,V05,R,2.2,2.17,OK
2026-07-29,V06,F,2.2,2.21,OK
2026-07-29,V06,R,2.2,2.22,OK
2026-07-29,V07,F,2.2,2.16,OK
2026-07-29,V07,R,2.2,2.25,OK
2026-07-29,V08,F,2.2,2.22,OK
2026-07-29,V08,R,2.2,2.09,OK
2026-07-29,V09,F,2.2,2.16,OK
2026-07-29,V09,R,2.2,2.2,OK
2026-07-29,V10,F,2.2,2.12,OK
2026-07-29,V10,R,2.2,2.23,OK
2026-07-29,V11,F,2.2,2.15,OK
2026-07-29,V11,R,2.2,2.14,OK
2026-07-29,V12,F,2.2,2.16,OK
2026-07-29,V12,R,2.2,2.18,OK
2026-07-29,V13,F,2.2,2.23,OK
2026-07-29,V13,R,2.2,2.13,OK
2026-07-29,V14,F,2.2,2.18,OK
2026-07-29,V14,R,2.2,2.23,OK
2026-07-29,V15,FL,3.2,3.14,OK
2026-07-29,V15,FR,3.2,3.15,OK
2026-07-29,V15,RL,3.2,3.22,OK
2026-07-29,V15,RR,3.2,3.24,OK
2026-07-29,V16,FL,3.2,3.13,OK
2026-07-29,V16,FR,3.2,3.06,OK
2026-07-29,V16,RL,3.2,3.14,OK
2026-07-29,V16,RR,3.2,3.2,OK
2026-07-29,V17,FL,3.2,3.09,OK
2026-07-29,V17,FR,3.2,3.21,OK
2026-07-29,V17,RL,3.2,3.12,OK
2026-07-29,V17,RR,3.2,3.19,OK
2026-07-29,V18,FL,3.2,3.31,OK
2026-07-29,V18,FR,3.2,3.16,OK
2026-07-29,V18,RL,3.2,3.29,OK
2026-07-29,V18,RR,3.2,3.28,OK
2026-07-29,V19,FL,3.2,3.07,OK
2026-07-29,V19,FR,3.2,3.16,OK
2026-07-29,V19,RL,3.2,3.15,OK
2026-07-29,V19,RR,3.2,3.13,OK
2026-07-29,V20,FL,3.2,3.17,OK
2026-07-29,V20,FR,3.2,3.11,OK
2026-07-29,V20,RL,3.2,3.13,OK
2026-07-29,V20,RR,3.2,3.13,OK
2026-07-29,V21,FL,8.0,8.24,OK
2026-07-29,V21,FR,8.0,7.97,OK
2026-07-29,V21,RL1,8.0,7.91,OK
2026-07-29,V21,RL2,8.0,7.96,OK
2026-07-29,V21,RR1,8.0,7.92,OK
2026-07-29,V21,RR2,8.0,7.96,OK
2026-07-29,V22,FL,8.0,7.99,OK
2026-07-29,V22,FR,8.0,8.1,OK
2026-07-29,V22,RL1,8.0,7.82,OK
2026-07-29,V22,RL2,8.0,7.74,OK
2026-07-29,V22,RR1,8.0,8.1,OK
2026-07-29,V22,RR2,8.0,7.88,OK
2026-07-29,V23,FL,8.0,8.0,OK
2026-07-29,V23,FR,8.0,7.85,OK
2026-07-29,V23,RL1,8.0,7.88,OK
2026-07-29,V23,RL2,8.0,7.63,OK
2026-07-29,V23,RR1,8.0,8.2,OK
2026-07-29,V23,RR2,8.0,7.9,OK
2026-07-29,V24,FL,8.0,7.97,OK
2026-07-29,V24,FR,8.0,7.63,OK
2026-07-29,V24,RL1,8.0,7.88,OK
2026-07-29,V24,RL2,8.0,8.36,OK
2026-07-29,V24,RR1,8.0,7.98,OK
2026-07-29,V24,RR2,8.0,8.06,OK
2026-08-05,V01,F,2.2,2.26,OK
2026-08-05,V01,R,2.2,2.13,OK
2026-08-05,V02,F,2.2,2.22,OK
2026-08-05,V02,R,2.2,2.18,OK
2026-08-05,V03,F,2.2,2.2,OK
2026-08-05,V03,R,2.2,2.15,OK
2026-08-05,V04,F,2.2,2.22,OK
2026-08-05,V04,R,2.2,2.13,OK
2026-08-05,V05,F,2.2,1.88,LOW
2026-08-05,V05,R,2.2,2.22,OK
2026-08-05,V06,F,2.2,2.09,OK
2026-08-05,V06,R,2.2,2.2,OK
2026-08-05,V07,F,2.2,2.16,OK
2026-08-05,V07,R,2.2,2.14,OK
2026-08-05,V08,F,2.2,2.13,OK
2026-08-05,V08,R,2.2,2.11,OK
2026-08-05,V09,F,2.2,2.14,OK
2026-08-05,V09,R,2.2,2.18,OK
2026-08-05,V10,F,2.2,2.24,OK
2026-08-05,V10,R,2.2,2.25,OK
2026-08-05,V11,F,2.2,2.17,OK
2026-08-05,V11,R,2.2,2.21,OK
2026-08-05,V12,F,2.2,2.17,OK
2026-08-05,V12,R,2.2,2.14,OK
2026-08-05,V13,F,2.2,2.19,OK
2026-08-05,V13,R,2.2,2.19,OK
2026-08-05,V14,F,2.2,2.2,OK
2026-08-05,V14,R,2.2,2.13,OK
2026-08-05,V15,FL,3.2,3.17,OK
2026-08-05,V15,FR,3.2,3.2,OK
2026-08-05,V15,RL,3.2,3.08,OK
2026-08-05,V15,RR,3.2,3.14,OK
2026-08-05,V16,FL,3.2,3.04,OK
2026-08-05,V16,FR,3.2,3.03,OK
2026-08-05,V16,RL,3.2,3.12,OK
2026-08-05,V16,RR,3.2,3.17,OK
2026-08-05,V17,FL,3.2,3.15,OK
2026-08-05,V17,FR,3.2,3.13,OK
2026-08-05,V17,RL,3.2,2.58,LOW
2026-08-05,V17,RR,3.2,3.23,OK
2026-08-05,V18,FL,3.2,3.11,OK
2026-08-05,V18,FR,3.2,3.08,OK
2026-08-05,V18,RL,3.2,3.18,OK
2026-08-05,V18,RR,3.2,3.12,OK
2026-08-05,V19,FL,3.2,3.07,OK
2026-08-05,V19,FR,3.2,3.16,OK
2026-08-05,V19,RL,3.2,3.05,OK
2026-08-05,V19,RR,3.2,3.26,OK
2026-08-05,V20,FL,3.2,3.25,OK
2026-08-05,V20,FR,3.2,3.1,OK
2026-08-05,V20,RL,3.2,3.14,OK
2026-08-05,V20,RR,3.2,3.14,OK
2026-08-05,V21,FL,8.0,7.76,OK
2026-08-05,V21,FR,8.0,7.82,OK
2026-08-05,V21,RL1,8.0,7.87,OK
2026-08-05,V21,RL2,8.0,7.87,OK
2026-08-05,V21,RR1,8.0,8.13,OK
2026-08-05,V21,RR2,8.0,8.05,OK
2026-08-05,V22,FL,8.0,8.04,OK
2026-08-05,V22,FR,8.0,7.81,OK
2026-08-05,V22,RL1,8.0,7.83,OK
2026-08-05,V22,RL2,8.0,7.9,OK
2026-08-05,V22,RR1,8.0,7.6,OK
2026-08-05,V22,RR2,8.0,7.63,OK
2026-08-05,V23,FL,8.0,7.94,OK
2026-08-05,V23,FR,8.0,8.11,OK
2026-08-05,V23,RL1,8.0,8.08,OK
2026-08-05,V23,RL2,8.0,8.11,OK
2026-08-05,V23,RR1,8.0,7.97,OK
2026-08-05,V23,RR2,8.0,7.94,OK
2026-08-05,V24,FL,8.0,8.33,OK
2026-08-05,V24,FR,8.0,7.98,OK
2026-08-05,V24,RL1,8.0,7.85,OK
2026-08-05,V24,RL2,8.0,7.99,OK
2026-08-05,V24,RR1,8.0,7.86,OK
2026-08-05,V24,RR2,8.0,7.76,OK
2026-08-12,V01,F,2.2,2.15,OK
2026-08-12,V01,R,2.2,2.06,OK
2026-08-12,V02,F,2.2,2.11,OK
2026-08-12,V02,R,2.2,2.18,OK
2026-08-12,V03,F,2.2,2.24,OK
2026-08-12,V03,R,2.2,2.13,OK
2026-08-12,V04,F,2.2,2.18,OK
2026-08-12,V04,R,2.2,2.22,OK
2026-08-12,V05,F,2.2,2.21,OK
2026-08-12,V05,R,2.2,2.25,OK
2026-08-12,V06,F,2.2,2.21,OK
2026-08-12,V06,R,2.2,2.18,OK
2026-08-12,V07,F,2.2,2.23,OK
2026-08-12,V07,R,2.2,2.18,OK
2026-08-12,V08,F,2.2,2.13,OK
2026-08-12,V08,R,2.2,2.23,OK
2026-08-12,V09,F,2.2,2.25,OK
2026-08-12,V09,R,2.2,2.14,OK
2026-08-12,V10,F,2.2,2.13,OK
2026-08-12,V10,R,2.2,2.15,OK
2026-08-12,V11,F,2.2,2.13,OK
2026-08-12,V11,R,2.2,2.19,OK
2026-08-12,V12,F,2.2,2.2,OK
2026-08-12,V12,R,2.2,2.14,OK
2026-08-12,V13,F,2.2,2.18,OK
2026-08-12,V13,R,2.2,2.14,OK
2026-08-12,V14,F,2.2,2.14,OK
2026-08-12,V14,R,2.2,2.23,OK
2026-08-12,V15,FL,3.2,3.13,OK
2026-08-12,V15,FR,3.2,3.26,OK
2026-08-12,V15,RL,3.2,3.08,OK
2026-08-12,V15,RR,3.2,3.21,OK
2026-08-12,V16,FL,3.2,3.31,OK
2026-08-12,V16,FR,3.2,3.26,OK
2026-08-12,V16,RL,3.2,3.18,OK
2026-08-12,V16,RR,3.2,3.18,OK
2026-08-12,V17,FL,3.2,3.17,OK
2026-08-12,V17,FR,3.2,3.27,OK
2026-08-12,V17,RL,3.2,3.19,OK
2026-08-12,V17,RR,3.2,3.23,OK
2026-08-12,V18,FL,3.2,3.14,OK
2026-08-12,V18,FR,3.2,3.09,OK
2026-08-12,V18,RL,3.2,3.23,OK
2026-08-12,V18,RR,3.2,3.18,OK
2026-08-12,V19,FL,3.2,3.17,OK
2026-08-12,V19,FR,3.2,3.1,OK
2026-08-12,V19,RL,3.2,3.21,OK
2026-08-12,V19,RR,3.2,3.17,OK
2026-08-12,V20,FL,3.2,3.15,OK
2026-08-12,V20,FR,3.2,3.23,OK
2026-08-12,V20,RL,3.2,3.07,OK
2026-08-12,V20,RR,3.2,3.24,OK
2026-08-12,V21,FL,8.0,7.52,OK
2026-08-12,V21,FR,8.0,7.92,OK
2026-08-12,V21,RL1,8.0,7.94,OK
2026-08-12,V21,RL2,8.0,8.18,OK
2026-08-12,V21,RR1,8.0,8.08,OK
2026-08-12,V21,RR2,8.0,8.05,OK
2026-08-12,V22,FL,8.0,8.11,OK
2026-08-12,V22,FR,8.0,7.91,OK
2026-08-12,V22,RL1,8.0,7.7,OK
2026-08-12,V22,RL2,8.0,7.76,OK
2026-08-12,V22,RR1,8.0,7.89,OK
2026-08-12,V22,RR2,8.0,7.74,OK
2026-08-12,V23,FL,8.0,8.12,OK
2026-08-12,V23,FR,8.0,7.65,OK
2026-08-12,V23,RL1,8.0,8.07,OK
2026-08-12,V23,RL2,8.0,7.92,OK
2026-08-12,V23,RR1,8.0,7.88,OK
2026-08-12,V23,RR2,8.0,8.0,OK
2026-08-12,V24,FL,8.0,7.97,OK
2026-08-12,V24,FR,8.0,7.77,OK
2026-08-12,V24,RL1,8.0,8.04,OK
2026-08-12,V24,RL2,8.0,7.62,OK
2026-08-12,V24,RR1,8.0,7.75,OK
2026-08-12,V24,RR2,8.0,7.89,OK
2026-08-19,V01,F,2.2,2.15,OK
2026-08-19,V01,R,2.2,2.19,OK
2026-08-19,V02,F,2.2,2.17,OK
2026-08-19,V02,R,2.2,2.14,OK
2026-08-19,V03,F,2.2,2.16,OK
2026-08-19,V03,R,2.2,2.12,OK
2026-08-19,V04,F,2.2,2.18,OK
2026-08-19,V04,R,2.2,2.15,OK
2026-08-19,V05,F,2.2,2.21,OK
2026-08-19,V05,R,2.2,2.21,OK
2026-08-19,V06,F,2.2,2.2,OK
2026-08-19,V06,R,2.2,2.16,OK
2026-08-19,V07,F,2.2,2.12,OK
2026-08-19,V07,R,2.2,2.2,OK
2026-08-19,V08,F,2.2,2.11,OK
2026-08-19,V08,R,2.2,2.14,OK
2026-08-19,V09,F,2.2,2.16,OK
2026-08-19,V09,R,2.2,2.23,OK
2026-08-19,V10,F,2.2,2.14,OK
2026-08-19,V10,R,2.2,2.22,OK
2026-08-19,V11,F,2.2,2.11,OK
2026-08-19,V11,R,2.2,2.15,OK
2026-08-19,V12,F,2.2,2.17,OK
2026-08-19,V12,R,2.2,2.15,OK
2026-08-19,V13,F,2.2,2.18,OK
2026-08-19,V13,R,2.2,2.22,OK
2026-08-19,V14,F,2.2,2.16,OK
2026-08-19,V14,R,2.2,2.15,OK
2026-08-19,V15,FL,3.2,3.17,OK
2026-08-19,V15,FR,3.2,3.11,OK
2026-08-19,V15,RL,3.2,3.26,OK
2026-08-19,V15,RR,3.2,3.21,OK
2026-08-19,V16,FL,3.2,3.21,OK
2026-08-19,V16,FR,3.2,3.18,OK
2026-08-19,V16,RL,3.2,3.24,OK
2026-08-19,V16,RR,3.2,3.18,OK
2026-08-19,V17,FL,3.2,3.14,OK
2026-08-19,V17,FR,3.2,3.21,OK
2026-08-19,V17,RL,3.2,3.17,OK
2026-08-19,V17,RR,3.2,3.18,OK
2026-08-19,V18,FL,3.2,3.11,OK
2026-08-19,V18,FR,3.2,3.12,OK
2026-08-19,V18,RL,3.2,3.08,OK
2026-08-19,V18,RR,3.2,3.18,OK
2026-08-19,V19,FL,3.2,3.19,OK
2026-08-19,V19,FR,3.2,3.15,OK
2026-08-19,V19,RL,3.2,3.16,OK
2026-08-19,V19,RR,3.2,3.18,OK
2026-08-19,V20,FL,3.2,3.09,OK
2026-08-19,V20,FR,3.2,3.12,OK
2026-08-19,V20,RL,3.2,3.17,OK
2026-08-19,V20,RR,3.2,3.17,OK
2026-08-19,V21,FL,8.0,8.02,OK
2026-08-19,V21,FR,8.0,7.82,OK
2026-08-19,V21,RL1,8.0,7.91,OK
2026-08-19,V21,RL2,8.0,8.08,OK
2026-08-19,V21,RR1,8.0,7.84,OK
2026-08-19,V21,RR2,8.0,7.99,OK
2026-08-19,V22,FL,8.0,7.77,OK
2026-08-19,V22,FR,8.0,6.77,LOW
2026-08-19,V22,RL1,8.0,7.81,OK
2026-08-19,V22,RL2,8.0,8.09,OK
2026-08-19,V22,RR1,8.0,8.01,OK
2026-08-19,V22,RR2,8.0,7.85,OK
2026-08-19,V23,FL,8.0,8.09,OK
2026-08-19,V23,FR,8.0,8.24,OK
2026-08-19,V23,RL1,8.0,7.54,OK
2026-08-19,V23,RL2,8.0,7.78,OK
2026-08-19,V23,RR1,8.0,6.47,LOW
2026-08-19,V23,RR2,8.0,7.97,OK
2026-08-19,V24,FL,8.0,8.17,OK
2026-08-19,V24,FR,8.0,7.76,OK
2026-08-19,V24,RL1,8.0,7.9,OK
2026-08-19,V24,RL2,8.0,7.74,OK
2026-08-19,V24,RR1,8.0,7.77,OK
2026-08-19,V24,RR2,8.0,8.17,OK
2026-08-26,V01,F,2.2,2.16,OK
2026-08-26,V01,R,2.2,2.15,OK
2026-08-26,V02,F,2.2,2.18,OK
2026-08-26,V02,R,2.2,2.21,OK
2026-08-26,V03,F,2.2,2.21,OK
2026-08-26,V03,R,2.2,2.21,OK
2026-08-26,V04,F,2.2,2.25,OK
2026-08-26,V04,R,2.2,2.23,OK
2026-08-26,V05,F,2.2,2.13,OK
2026-08-26,V05,R,2.2,2.27,OK
2026-08-26,V06,F,2.2,2.12,OK
2026-08-26,V06,R,2.2,2.15,OK
2026-08-26,V07,F,2.2,2.17,OK
2026-08-26,V07,R,2.2,2.19,OK
2026-08-26,V08,F,2.2,2.19,OK
2026-08-26,V08,R,2.2,2.24,OK
2026-08-26,V09,F,2.2,2.16,OK
2026-08-26,V09,R,2.2,2.2,OK
2026-08-26,V10,F,2.2,2.25,OK
2026-08-26,V10,R,2.2,2.13,OK
2026-08-26,V11,F,2.2,2.29,OK
2026-08-26,V11,R,2.2,2.19,OK
2026-08-26,V12,F,2.2,2.26,OK
2026-08-26,V12,R,2.2,2.21,OK
2026-08-26,V13,F,2.2,2.11,OK
2026-08-26,V13,R,2.2,2.25,OK
2026-08-26,V14,F,2.2,2.19,OK
2026-08-26,V14,R,2.2,2.23,OK
2026-08-26,V15,FL,3.2,3.1,OK
2026-08-26,V15,FR,3.2,3.11,OK
2026-08-26,V15,RL,3.2,3.25,OK
2026-08-26,V15,RR,3.2,3.16,OK
2026-08-26,V16,FL,3.2,3.24,OK
2026-08-26,V16,FR,3.2,3.17,OK
2026-08-26,V16,RL,3.2,3.2,OK
2026-08-26,V16,RR,3.2,3.22,OK
2026-08-26,V17,FL,3.2,3.02,OK
2026-08-26,V17,FR,3.2,3.29,OK
2026-08-26,V17,RL,3.2,3.1,OK
2026-08-26,V17,RR,3.2,3.21,OK
2026-08-26,V18,FL,3.2,3.22,OK
2026-08-26,V18,FR,3.2,3.13,OK
2026-08-26,V18,RL,3.2,3.14,OK
2026-08-26,V18,RR,3.2,3.15,OK
2026-08-26,V19,FL,3.2,3.21,OK
2026-08-26,V19,FR,3.2,3.16,OK
2026-08-26,V19,RL,3.2,3.11,OK
2026-08-26,V19,RR,3.2,3.14,OK
2026-08-26,V20,FL,3.2,3.06,OK
2026-08-26,V20,FR,3.2,3.32,OK
2026-08-26,V20,RL,3.2,3.11,OK
2026-08-26,V20,RR,3.2,3.06,OK
2026-08-26,V21,FL,8.0,7.93,OK
2026-08-26,V21,FR,8.0,8.15,OK
2026-08-26,V21,RL1,8.0,7.7,OK
2026-08-26,V21,RL2,8.0,8.22,OK
2026-08-26,V21,RR1,8.0,8.15,OK
2026-08-26,V21,RR2,8.0,7.92,OK
2026-08-26,V22,FL,8.0,7.95,OK
2026-08-26,V22,FR,8.0,7.8,OK
2026-08-26,V22,RL1,8.0,7.81,OK
2026-08-26,V22,RL2,8.0,7.72,OK
2026-08-26,V22,RR1,8.0,7.89,OK
2026-08-26,V22,RR2,8.0,7.15,LOW
2026-08-26,V23,FL,8.0,7.92,OK
2026-08-26,V23,FR,8.0,8.22,OK
2026-08-26,V23,RL1,8.0,7.76,OK
2026-08-26,V23,RL2,8.0,7.97,OK
2026-08-26,V23,RR1,8.0,7.89,OK
2026-08-26,V23,RR2,8.0,8.13,OK
2026-08-26,V24,FL,8.0,7.92,OK
2026-08-26,V24,FR,8.0,8.02,OK
2026-08-26,V24,RL1,8.0,7.76,OK
2026-08-26,V24,RL2,8.0,8.1,OK
2026-08-26,V24,RR1,8.0,7.93,OK
2026-08-26,V24,RR2,8.0,8.0,OK
2026-09-02,V01,F,2.2,2.13,OK
2026-09-02,V01,R,2.2,2.19,OK
2026-09-02,V02,F,2.2,2.18,OK
2026-09-02,V02,R,2.2,2.15,OK
2026-09-02,V03,F,2.2,2.18,OK
2026-09-02,V03,R,2.2,2.14,OK
2026-09-02,V04,F,2.2,2.19,OK
2026-09-02,V04,R,2.2,2.12,OK
2026-09-02,V05,F,2.2,2.25,OK
2026-09-02,V05,R,2.2,2.14,OK
2026-09-02,V06,F,2.2,2.15,OK
2026-09-02,V06,R,2.2,2.13,OK
2026-09-02,V07,F,2.2,2.13,OK
2026-09-02,V07,R,2.2,2.22,OK
2026-09-02,V08,F,2.2,2.19,OK
2026-09-02,V08,R,2.2,2.2,OK
2026-09-02,V09,F,2.2,2.22,OK
2026-09-02,V09,R,2.2,2.12,OK
2026-09-02,V10,F,2.2,2.23,OK
2026-09-02,V10,R,2.2,2.21,OK
2026-09-02,V11,F,2.2,2.26,OK
2026-09-02,V11,R,2.2,2.09,OK
2026-09-02,V12,F,2.2,2.18,OK
2026-09-02,V12,R,2.2,2.14,OK
2026-09-02,V13,F,2.2,2.17,OK
2026-09-02,V13,R,2.2,2.19,OK
2026-09-02,V14,F,2.2,2.2,OK
2026-09-02,V14,R,2.2,2.21,OK
2026-09-02,V15,FL,3.2,3.2,OK
2026-09-02,V15,FR,3.2,3.14,OK
2026-09-02,V15,RL,3.2,3.22,OK
2026-09-02,V15,RR,3.2,3.31,OK
2026-09-02,V16,FL,3.2,3.11,OK
2026-09-02,V16,FR,3.2,3.14,OK
2026-09-02,V16,RL,3.2,3.19,OK
2026-09-02,V16,RR,3.2,3.25,OK
2026-09-02,V17,FL,3.2,3.07,OK
2026-09-02,V17,FR,3.2,3.19,OK
2026-09-02,V17,RL,3.2,3.17,OK
2026-09-02,V17,RR,3.2,3.15,OK
2026-09-02,V18,FL,3.2,3.17,OK
2026-09-02,V18,FR,3.2,3.15,OK
2026-09-02,V18,RL,3.2,3.26,OK
2026-09-02,V18,RR,3.2,3.24,OK
2026-09-02,V19,FL,3.2,3.33,OK
2026-09-02,V19,FR,3.2,3.11,OK
2026-09-02,V19,RL,3.2,3.12,OK
2026-09-02,V19,RR,3.2,3.3,OK
2026-09-02,V20,FL,3.2,3.15,OK
2026-09-02,V20,FR,3.2,3.09,OK
2026-09-02,V20,RL,3.2,3.23,OK
2026-09-02,V20,RR,3.2,3.17,OK
2026-09-02,V21,FL,8.0,7.81,OK
2026-09-02,V21,FR,8.0,7.79,OK
2026-09-02,V21,RL1,8.0,7.78,OK
2026-09-02,V21,RL2,8.0,7.54,OK
2026-09-02,V21,RR1,8.0,7.88,OK
2026-09-02,V21,RR2,8.0,7.95,OK
2026-09-02,V22,FL,8.0,7.72,OK
2026-09-02,V22,FR,8.0,7.94,OK
2026-09-02,V22,RL1,8.0,7.93,OK
2026-09-02,V22,RL2,8.0,8.12,OK
2026-09-02,V22,RR1,8.0,8.02,OK
2026-09-02,V22,RR2,8.0,6.55,LOW
2026-09-02,V23,FL,8.0,7.99,OK
2026-09-02,V23,FR,8.0,7.84,OK
2026-09-02,V23,RL1,8.0,7.61,OK
2026-09-02,V23,RL2,8.0,7.76,OK
2026-09-02,V23,RR1,8.0,7.87,OK
2026-09-02,V23,RR2,8.0,8.13,OK
2026-09-02,V24,FL,8.0,8.07,OK
2026-09-02,V24,FR,8.0,7.99,OK
2026-09-02,V24,RL1,8.0,8.02,OK
2026-09-02,V24,RL2,8.0,7.95,OK
2026-09-02,V24,RR1,8.0,7.87,OK
2026-09-02,V24,RR2,8.0,8.08,OK
2026-09-09,V01,F,2.2,2.18,OK
2026-09-09,V01,R,2.2,2.13,OK
2026-09-09,V02,F,2.2,2.2,OK
2026-09-09,V02,R,2.2,2.18,OK
2026-09-09,V03,F,2.2,2.18,OK
2026-09-09,V03,R,2.2,2.15,OK
2026-09-09,V04,F,2.2,2.16,OK
2026-09-09,V04,R,2.2,2.11,OK
2026-09-09,V05,F,2.2,2.25,OK
2026-09-09,V05,R,2.2,2.25,OK
2026-09-09,V06,F,2.2,2.25,OK
2026-09-09,V06,R,2.2,2.22,OK
2026-09-09,V07,F,2.2,2.12,OK
2026-09-09,V07,R,2.2,2.18,OK
2026-09-09,V08,F,2.2,2.19,OK
2026-09-09,V08,R,2.2,2.18,OK
2026-09-09,V09,F,2.2,2.23,OK
2026-09-09,V09,R,2.2,2.14,OK
2026-09-09,V10,F,2.2,2.19,OK
2026-09-09,V10,R,2.2,2.15,OK
2026-09-09,V11,F,2.2,2.18,OK
2026-09-09,V11,R,2.2,2.2,OK
2026-09-09,V12,F,2.2,2.2,OK
2026-09-09,V12,R,2.2,2.18,OK
2026-09-09,V13,F,2.2,2.19,OK
2026-09-09,V13,R,2.2,2.21,OK
2026-09-09,V14,F,2.2,2.1,OK
2026-09-09,V14,R,2.2,2.2,OK
2026-09-09,V15,FL,3.2,3.03,OK
2026-09-09,V15,FR,3.2,3.14,OK
2026-09-09,V15,RL,3.2,3.06,OK
2026-09-09,V15,RR,3.2,3.16,OK
2026-09-09,V16,FL,3.2,3.13,OK
2026-09-09,V16,FR,3.2,3.27,OK
2026-09-09,V16,RL,3.2,3.23,OK
2026-09-09,V16,RR,3.2,3.2,OK
2026-09-09,V17,FL,3.2,3.11,OK
2026-09-09,V17,FR,3.2,3.27,OK
2026-09-09,V17,RL,3.2,3.26,OK
2026-09-09,V17,RR,3.2,3.22,OK
2026-09-09,V18,FL,3.2,3.12,OK
2026-09-09,V18,FR,3.2,3.08,OK
2026-09-09,V18,RL,3.2,3.2,OK
2026-09-09,V18,RR,3.2,3.28,OK
2026-09-09,V19,FL,3.2,3.15,OK
2026-09-09,V19,FR,3.2,2.61,LOW
2026-09-09,V19,RL,3.2,3.13,OK
2026-09-09,V19,RR,3.2,3.18,OK
2026-09-09,V20,FL,3.2,3.21,OK
2026-09-09,V20,FR,3.2,3.24,OK
2026-09-09,V20,RL,3.2,3.13,OK
2026-09-09,V20,RR,3.2,3.11,OK
2026-09-09,V21,FL,8.0,7.78,OK
2026-09-09,V21,FR,8.0,7.56,OK
2026-09-09,V21,RL1,8.0,7.74,OK
2026-09-09,V21,RL2,8.0,7.9,OK
2026-09-09,V21,RR1,8.0,7.71,OK
2026-09-09,V21,RR2,8.0,7.96,OK
2026-09-09,V22,FL,8.0,8.17,OK
2026-09-09,V22,FR,8.0,8.04,OK
2026-09-09,V22,RL1,8.0,7.98,OK
2026-09-09,V22,RL2,8.0,7.62,OK
2026-09-09,V22,RR1,8.0,7.9,OK
2026-09-09,V22,RR2,8.0,5.95,CRITICAL
2026-09-09,V23,FL,8.0,7.76,OK
2026-09-09,V23,FR,8.0,8.1,OK
2026-09-09,V23,RL1,8.0,8.21,OK
2026-09-09,V23,RL2,8.0,7.9,OK
2026-09-09,V23,RR1,8.0,7.8,OK
2026-09-09,V23,RR2,8.0,8.05,OK
2026-09-09,V24,FL,8.0,8.01,OK
2026-09-09,V24,FR,8.0,7.99,OK
2026-09-09,V24,RL1,8.0,7.79,OK
2026-09-09,V24,RL2,8.0,8.0,OK
2026-09-09,V24,RR1,8.0,7.84,OK
2026-09-09,V24,RR2,8.0,8.07,OK
2026-09-16,V01,F,2.2,2.07,OK
2026-09-16,V01,R,2.2,2.14,OK
2026-09-16,V02,F,2.2,2.25,OK
2026-09-16,V02,R,2.2,2.21,OK
2026-09-16,V03,F,2.2,2.15,OK
2026-09-16,V03,R,2.2,2.19,OK
2026-09-16,V04,F,2.2,2.21,OK
2026-09-16,V04,R,2.2,2.16,OK
2026-09-16,V05,F,2.2,2.16,OK
2026-09-16,V05,R,2.2,2.19,OK
2026-09-16,V06,F,2.2,2.26,OK
2026-09-16,V06,R,2.2,2.19,OK
2026-09-16,V07,F,2.2,2.18,OK
2026-09-16,V07,R,2.2,2.16,OK
2026-09-16,V08,F,2.2,2.24,OK
2026-09-16,V08,R,2.2,2.2,OK
2026-09-16,V09,F,2.2,2.21,OK
2026-09-16,V09,R,2.2,2.1,OK
2026-09-16,V10,F,2.2,2.19,OK
2026-09-16,V10,R,2.2,2.2,OK
2026-09-16,V11,F,2.2,2.14,OK
2026-09-16,V11,R,2.2,2.08,OK
2026-09-16,V12,F,2.2,2.23,OK
2026-09-16,V12,R,2.2,2.16,OK
2026-09-16,V13,F,2.2,2.21,OK
2026-09-16,V13,R,2.2,2.17,OK
2026-09-16,V14,F,2.2,2.22,OK
2026-09-16,V14,R,2.2,2.12,OK
2026-09-16,V15,FL,3.2,3.07,OK
2026-09-16,V15,FR,3.2,3.13,OK
2026-09-16,V15,RL,3.2,3.09,OK
2026-09-16,V15,RR,3.2,3.2,OK
2026-09-16,V16,FL,3.2,3.18,OK
2026-09-16,V16,FR,3.2,3.21,OK
2026-09-16,V16,RL,3.2,3.24,OK
2026-09-16,V16,RR,3.2,3.17,OK
2026-09-16,V17,FL,3.2,3.21,OK
2026-09-16,V17,FR,3.2,3.15,OK
2026-09-16,V17,RL,3.2,2.99,OK
2026-09-16,V17,RR,3.2,3.16,OK
2026-09-16,V18,FL,3.2,3.23,OK
2026-09-16,V18,FR,3.2,3.2,OK
2026-09-16,V18,RL,3.2,3.29,OK
2026-09-16,V18,RR,3.2,3.19,OK
2026-09-16,V19,FL,3.2,3.15,OK
2026-09-16,V19,FR,3.2,3.21,OK
2026-09-16,V19,RL,3.2,3.2,OK
2026-09-16,V19,RR,3.2,3.17,OK
2026-09-16,V20,FL,3.2,3.25,OK
2026-09-16,V20,FR,3.2,3.26,OK
2026-09-16,V20,RL,3.2,2.95,OK
2026-09-16,V20,RR,3.2,3.28,OK
2026-09-16,V21,FL,8.0,8.07,OK
2026-09-16,V21,FR,8.0,7.7,OK
2026-09-16,V21,RL1,8.0,7.99,OK
2026-09-16,V21,RL2,8.0,8.24,OK
2026-09-16,V21,RR1,8.0,7.96,OK
2026-09-16,V21,RR2,8.0,8.05,OK
2026-09-16,V22,FL,8.0,8.04,OK
2026-09-16,V22,FR,8.0,8.14,OK
2026-09-16,V22,RL1,8.0,8.14,OK
2026-09-16,V22,RL2,8.0,8.01,OK
2026-09-16,V22,RR1,8.0,8.26,OK
2026-09-16,V22,RR2,8.0,5.35,CRITICAL
2026-09-16,V23,FL,8.0,8.02,OK
2026-09-16,V23,FR,8.0,7.9,OK
2026-09-16,V23,RL1,8.0,7.87,OK
2026-09-16,V23,RL2,8.0,8.07,OK
2026-09-16,V23,RR1,8.0,7.75,OK
2026-09-16,V23,RR2,8.0,8.07,OK
2026-09-16,V24,FL,8.0,7.94,OK
2026-09-16,V24,FR,8.0,7.93,OK
2026-09-16,V24,RL1,8.0,7.96,OK
2026-09-16,V24,RL2,8.0,8.08,OK
2026-09-16,V24,RR1,8.0,8.06,OK
2026-09-16,V24,RR2,8.0,7.02,LOW
2026-09-23,V01,F,2.2,2.23,OK
2026-09-23,V01,R,2.2,2.27,OK
2026-09-23,V02,F,2.2,2.19,OK
2026-09-23,V02,R,2.2,2.1,OK
2026-09-23,V03,F,2.2,2.23,OK
2026-09-23,V03,R,2.2,2.14,OK
2026-09-23,V04,F,2.2,2.27,OK
2026-09-23,V04,R,2.2,2.02,OK
2026-09-23,V05,F,2.2,2.17,OK
2026-09-23,V05,R,2.2,2.1,OK
2026-09-23,V06,F,2.2,2.17,OK
2026-09-23,V06,R,2.2,2.12,OK
2026-09-23,V07,F,2.2,2.23,OK
2026-09-23,V07,R,2.2,2.21,OK
2026-09-23,V08,F,2.2,2.16,OK
2026-09-23,V08,R,2.2,2.19,OK
2026-09-23,V09,F,2.2,2.18,OK
2026-09-23,V09,R,2.2,2.13,OK
2026-09-23,V10,F,2.2,2.15,OK
2026-09-23,V10,R,2.2,2.23,OK
2026-09-23,V11,F,2.2,2.29,OK
2026-09-23,V11,R,2.2,2.21,OK
2026-09-23,V12,F,2.2,2.17,OK
2026-09-23,V12,R,2.2,2.09,OK
2026-09-23,V13,F,2.2,2.27,OK
2026-09-23,V13,R,2.2,2.2,OK
2026-09-23,V14,F,2.2,2.15,OK
2026-09-23,V14,R,2.2,2.17,OK
2026-09-23,V15,FL,3.2,3.19,OK
2026-09-23,V15,FR,3.2,3.11,OK
2026-09-23,V15,RL,3.2,3.19,OK
2026-09-23,V15,RR,3.2,3.15,OK
2026-09-23,V16,FL,3.2,3.18,OK
2026-09-23,V16,FR,3.2,3.22,OK
2026-09-23,V16,RL,3.2,3.05,OK
2026-09-23,V16,RR,3.2,3.16,OK
2026-09-23,V17,FL,3.2,3.21,OK
2026-09-23,V17,FR,3.2,3.05,OK
2026-09-23,V17,RL,3.2,3.13,OK
2026-09-23,V17,RR,3.2,3.21,OK
2026-09-23,V18,FL,3.2,3.04,OK
2026-09-23,V18,FR,3.2,3.2,OK
2026-09-23,V18,RL,3.2,3.1,OK
2026-09-23,V18,RR,3.2,3.06,OK
2026-09-23,V19,FL,3.2,3.23,OK
2026-09-23,V19,FR,3.2,3.2,OK
2026-09-23,V19,RL,3.2,3.16,OK
2026-09-23,V19,RR,3.2,3.12,OK
2026-09-23,V20,FL,3.2,3.21,OK
2026-09-23,V20,FR,3.2,3.2,OK
2026-09-23,V20,RL,3.2,3.18,OK
2026-09-23,V20,RR,3.2,3.22,OK
2026-09-23,V21,FL,8.0,8.11,OK
2026-09-23,V21,FR,8.0,7.99,OK
2026-09-23,V21,RL1,8.0,7.8,OK
2026-09-23,V21,RL2,8.0,7.99,OK
2026-09-23,V21,RR1,8.0,8.12,OK
2026-09-23,V21,RR2,8.0,7.9,OK
2026-09-23,V22,FL,8.0,7.75,OK
2026-09-23,V22,FR,8.0,7.83,OK
2026-09-23,V22,RL1,8.0,7.97,OK
2026-09-23,V22,RL2,8.0,8.17,OK
2026-09-23,V22,RR1,8.0,7.93,OK
2026-09-23,V22,RR2,8.0,8.17,OK
2026-09-23,V23,FL,8.0,7.95,OK
2026-09-23,V23,FR,8.0,7.91,OK
2026-09-23,V23,RL1,8.0,8.06,OK
2026-09-23,V23,RL2,8.0,7.76,OK
2026-09-23,V23,RR1,8.0,7.94,OK
2026-09-23,V23,RR2,8.0,7.84,OK
2026-09-23,V24,FL,8.0,7.75,OK
2026-09-23,V24,FR,8.0,7.79,OK
2026-09-23,V24,RL1,8.0,7.98,OK
2026-09-23,V24,RL2,8.0,7.94,OK
2026-09-23,V24,RR1,8.0,8.08,OK
2026-09-23,V24,RR2,8.0,7.88,OK
2026-09-30,V01,F,2.2,2.17,OK
2026-09-30,V01,R,2.2,2.13,OK
2026-09-30,V02,F,2.2,2.19,OK
2026-09-30,V02,R,2.2,2.19,OK
2026-09-30,V03,F,2.2,2.18,OK
2026-09-30,V03,R,2.2,2.13,OK
2026-09-30,V04,F,2.2,2.22,OK
2026-09-30,V04,R,2.2,2.19,OK
2026-09-30,V05,F,2.2,2.21,OK
2026-09-30,V05,R,2.2,2.13,OK
2026-09-30,V06,F,2.2,2.19,OK
2026-09-30,V06,R,2.2,2.19,OK
2026-09-30,V07,F,2.2,2.17,OK
2026-09-30,V07,R,2.2,2.25,OK
2026-09-30,V08,F,2.2,2.11,OK
2026-09-30,V08,R,2.2,2.22,OK
2026-09-30,V09,F,2.2,2.15,OK
2026-09-30,V09,R,2.2,2.14,OK
2026-09-30,V10,F,2.2,2.13,OK
2026-09-30,V10,R,2.2,2.23,OK
2026-09-30,V11,F,2.2,2.19,OK
2026-09-30,V11,R,2.2,2.12,OK
2026-09-30,V12,F,2.2,2.2,OK
2026-09-30,V12,R,2.2,2.09,OK
2026-09-30,V13,F,2.2,2.13,OK
2026-09-30,V13,R,2.2,2.1,OK
2026-09-30,V14,F,2.2,2.15,OK
2026-09-30,V14,R,2.2,2.25,OK
2026-09-30,V15,FL,3.2,3.02,OK
2026-09-30,V15,FR,3.2,3.11,OK
2026-09-30,V15,RL,3.2,3.11,OK
2026-09-30,V15,RR,3.2,3.2,OK
2026-09-30,V16,FL,3.2,3.12,OK
2026-09-30,V16,FR,3.2,3.05,OK
2026-09-30,V16,RL,3.2,3.27,OK
2026-09-30,V16,RR,3.2,3.22,OK
2026-09-30,V17,FL,3.2,3.22,OK
2026-09-30,V17,FR,3.2,3.15,OK
2026-09-30,V17,RL,3.2,3.23,OK
2026-09-30,V17,RR,3.2,3.16,OK
2026-09-30,V18,FL,3.2,3.21,OK
2026-09-30,V18,FR,3.2,3.08,OK
2026-09-30,V18,RL,3.2,3.08,OK
2026-09-30,V18,RR,3.2,3.22,OK
2026-09-30,V19,FL,3.2,3.06,OK
2026-09-30,V19,FR,3.2,3.13,OK
2026-09-30,V19,RL,3.2,3.08,OK
2026-09-30,V19,RR,3.2,3.15,OK
2026-09-30,V20,FL,3.2,3.18,OK
2026-09-30,V20,FR,3.2,3.15,OK
2026-09-30,V20,RL,3.2,3.06,OK
2026-09-30,V20,RR,3.2,3.11,OK
2026-09-30,V21,FL,8.0,7.48,OK
2026-09-30,V21,FR,8.0,8.1,OK
2026-09-30,V21,RL1,8.0,7.85,OK
2026-09-30,V21,RL2,8.0,7.54,OK
2026-09-30,V21,RR1,8.0,8.11,OK
2026-09-30,V21,RR2,8.0,8.21,OK
2026-09-30,V22,FL,8.0,7.93,OK
2026-09-30,V22,FR,8.0,7.97,OK
2026-09-30,V22,RL1,8.0,7.86,OK
2026-09-30,V22,RL2,8.0,8.03,OK
2026-09-30,V22,RR1,8.0,8.07,OK
2026-09-30,V22,RR2,8.0,7.96,OK
2026-09-30,V23,FL,8.0,7.93,OK
2026-09-30,V23,FR,8.0,7.75,OK
2026-09-30,V23,RL1,8.0,7.77,OK
2026-09-30,V23,RL2,8.0,7.91,OK
2026-09-30,V23,RR1,8.0,7.92,OK
2026-09-30,V23,RR2,8.0,8.27,OK
2026-09-30,V24,FL,8.0,8.0,OK
2026-09-30,V24,FR,8.0,7.96,OK
2026-09-30,V24,RL1,8.0,7.69,OK
2026-09-30,V24,RL2,8.0,8.22,OK
2026-09-30,V24,RR1,8.0,7.78,OK
2026-09-30,V24,RR2,8.0,7.71,OK
