vehicle_id,vehicle_type,fuel_type,tank_liters,rated_km_per_l,model_year,odometer_start,maintenance_due
V01,motorbike,petrol,12,41.5,2021,14967,2026-12-28
V02,motorbike,petrol,12,36.1,2025,22038,2027-01-28
V03,motorbike,petrol,12,38.2,2018,33954,2027-01-01
V04,motorbike,petrol,12,37.5,2016,30291,2027-01-06
V05,motorbike,petrol,12,38.1,2020,39846,2026-12-09
V06,motorbike,petrol,12,37.4,2018,25674,2027-01-13
V07,motorbike,petrol,12,36.9,2016,15892,2027-01-26
V08,motorbike,petrol,12,39.6,2024,13410,2026-11-08
V09,motorbike,petrol,12,39.3,2021,22355,2027-01-29
V10,motorbike,petrol,12,37.9,2016,15501,2026-10-14
V11,motorbike,petrol,12,40.6,2025,26881,2026-12-05
V12,motorbike,petrol,12,38.8,2016,30064,2026-12-28
V13,motorbike,petrol,12,39.5,2022,14012,2026-11-10
V14,motorbike,petrol,12,39.3,2024,35394,2026-10-07
V15,van,diesel,60,11.4,2016,51579,2026-11-23
V16,van,diesel,60,11.5,2024,116752,2027-01-05
V17,van,diesel,60,10.8,2016,36572,2026-12-19
V18,van,diesel,60,11.1,2025,38907,2026-12-31
V19,van,diesel,60,11.0,2025,104085,2026-12-11
V20,van,diesel,60,11.4,2020,89929,2026-11-15
V21,truck,diesel,300,3.6,2018,334648,2026-11-19
V22,truck,diesel,300,3.4,2024,92050,2026-12-30
V23,truck,diesel,300,3.6,2024,130749,2026-11-09
V24,truck,diesel,300,3.8,2016,114195,2026-12-26
